LShoulder_x,LShoulder_y,RShoulder_x,RShoulder_y,LElbow_x,LElbow_y,RElbow_x,RElbow_y,LWrist_x,LWrist_y,RWrist_x,RWrist_y,LHip_x,LHip_y,RHip_x,RHip_y,Hip_x,Hip_y,LKnee_x,LKnee_y,RKnee_x,RKnee_y,LAnkle_x,LAnkle_y,RAnkle_x,RAnkle_y,LHeel_x,LHeel_y,RHeel_x,RHeel_y,LBigToe_x,LBigToe_y,RBigToe_x,RBigToe_y,crossfit_label,session_id
645.3948975,388.9585876,572.1054077,386.9870996,656.1546326,444.2209339,561.3109207,442.4296045,657.954483,493.8092709,561.0086823,496.1321926,629.3498611,499.0982008,585.8919525,497.9462242,607.6209068,498.5222125,629.3535614,570.1696157,578.5544586,569.3991137,629.9904251,635.3338194,567.6018143,638.4176731,626.9237137,647.6067066,569.8023605,647.6022434,638.5718918,659.847579,563.1995392,664.1688967,2,4
645.4524994,388.7385607,572.251358,386.8671513,655.549469,444.0451527,561.6509247,442.8740358,657.7297211,493.3593893,561.2598419,496.1642933,629.3509674,498.7768507,585.7994843,497.93468,607.5752258,498.3557653,629.5412445,570.1555824,578.4597015,569.5185041,629.9985886,637.4449968,567.5642776,638.3784914,626.8585968,650.0873423,569.8767853,647.5902271,638.3097458,657.9299927,563.0926514,663.8578033,2,4
645.4856873,388.6027336,572.3228073,386.7875862,655.2274323,443.7743139,561.749382,443.018961,657.4988556,493.1159735,561.3256836,496.0656309,629.3407059,498.6062193,585.6813812,497.9188871,607.5110435,498.2625532,629.6678543,570.1468706,578.4070587,569.6638155,629.9979401,638.2512045,567.5645065,638.3637714,626.729126,651.0303211,570.0630951,647.5254679,638.2734299,656.7854404,563.0904007,663.7874222,2,4
645.5229187,388.4745884,572.3453903,386.7495203,655.147934,443.3232737,561.8106842,443.1011009,657.3729706,492.9454279,561.3828659,496.0634851,629.3452835,498.5525322,585.5557251,497.9273415,607.4505043,498.2399368,629.8330688,570.2590942,578.3613205,570.0010443,630.009079,639.0010214,567.5570679,638.4077597,626.6577911,652.0809746,570.2135086,647.5274849,638.2883835,656.2218761,563.005867,663.6782026,2,4
645.5403137,388.3997869,572.3544312,386.697464,654.9555969,443.2740927,561.8170929,443.1901503,657.1885681,492.8473663,561.3932419,496.0665751,629.352951,498.535881,585.489006,497.9670811,607.4209785,498.2514811,629.9562454,570.303297,578.3330536,570.128417,630.0167084,639.2811298,567.5621414,638.5449171,626.6453934,652.4842501,570.4478836,647.5911713,638.2811356,656.1120129,562.9431152,663.5938311,2,4
645.5415344,388.3997011,572.3337936,386.6957045,654.824295,443.19942,561.7982101,443.2378721,657.1068573,492.7490473,561.3928223,496.0667038,629.3350983,498.5360098,585.2861404,498.074069,607.3106194,498.3050394,630.0896454,570.4141045,578.2970047,570.515213,630.0712967,639.3721104,567.5774002,638.5938835,626.6557693,652.5053215,570.5561447,647.5983381,638.2828522,656.0893965,562.9415894,663.5437059,2,4
645.5400085,388.4036064,572.2703934,386.7140293,654.7917175,443.0886126,561.5831375,443.3506966,657.07901,492.6793098,561.3484955,496.6078663,629.3212128,498.6645412,585.127449,498.4628391,607.2243309,498.5636902,630.1771927,570.4210138,578.2581329,571.0631132,630.2513885,639.4800425,567.6036835,638.607316,626.6598511,653.4969664,570.6926346,647.5996685,638.4410858,655.6867647,562.9615021,663.4630251,2,4
645.4859924,388.4163952,572.2150421,386.7757416,654.7592163,443.0297327,561.5079498,443.7145758,657.0160675,492.6744175,561.3339233,497.3837328,629.2204666,498.7534618,584.8711395,498.759985,607.0458031,498.7567234,630.3149414,570.4210138,578.1904221,571.3354969,630.5540848,639.8415613,567.6099396,638.6643076,626.8983078,654.8278141,570.7667923,647.7252388,638.5599899,655.3678179,563.0221558,663.3613157,2,4
645.4594421,388.7456417,572.0784378,387.2360086,654.4422913,443.2575274,561.3938141,444.7183228,656.35849,493.1241274,561.2873077,498.5100031,628.6832428,499.2054462,584.5680618,499.2657852,606.6256523,499.2356157,630.4301071,570.1500034,578.008728,571.425705,630.9230804,640.9066772,567.6196289,638.9141178,627.4568939,658.6701107,570.8037186,648.2306099,638.6867523,653.3690357,563.0456543,663.2670307,2,4
645.4627991,389.7017097,572.0119095,388.0941868,654.4454956,443.5763884,561.243515,445.678854,656.2252808,493.8443756,561.1108398,499.5681238,628.4207916,499.7576809,584.2355347,499.7506857,606.3281631,499.7541833,630.4977417,569.3803596,577.9348755,571.6043186,631.2818527,641.3693047,567.7912521,639.1811371,627.9823685,660.4017448,570.8969879,649.5248938,638.6696243,653.2378435,563.8373947,662.8872728,2,4
645.4817963,390.7479429,571.9736862,389.8201132,654.4842529,444.5179081,561.205368,447.3150015,656.207428,495.334096,560.1024628,500.8606052,628.3089066,500.1662779,584.1611481,500.085125,606.2350273,500.1257014,630.5441284,568.3756256,577.9039764,571.0227728,631.3950348,641.6343927,567.9157639,639.182682,628.1315231,660.6446028,571.0269928,649.5936441,638.6394119,653.024168,563.978653,662.7146673,2,4
645.7054138,392.5804281,571.8652344,392.5207329,654.5228577,446.0992098,561.1374664,449.023633,656.1853027,497.4902058,559.0679932,502.1150637,628.318367,500.4344559,584.1832733,500.3073835,606.2508202,500.3709197,630.5717087,567.1991014,577.8692627,569.7917461,631.5176392,641.6001463,568.0912018,639.1577053,628.2152557,660.689106,571.2141037,649.6114969,638.636055,652.9968739,564.2297363,662.4006987,2,4
646.2310791,395.5674219,571.7440033,396.4296341,654.5102692,449.0421295,560.1629639,452.5366402,656.166687,501.1078835,557.5044632,504.6474123,628.3572388,501.5758324,584.3041992,500.8667421,606.330719,501.2212873,630.5018997,566.2573671,577.7155304,566.8878365,631.6661835,641.5579176,568.1721115,639.179678,628.3147049,660.3069019,571.3006592,650.2581024,638.6392975,653.0471706,564.2401886,661.4530849,2,4
646.6546631,398.9421988,571.6225052,400.3659582,654.5345306,453.211956,559.3372345,455.226059,656.1717224,504.7632408,556.7787933,507.7676153,628.360405,502.7321005,584.5097733,501.5381098,606.4350891,502.1351051,630.4683685,566.0781956,577.4794769,564.8680258,631.8047333,641.0719442,568.3269119,638.8770819,628.1675339,658.634963,572.0656204,649.702692,638.7809372,654.2250252,563.330574,661.2809515,2,4
647.385025,403.2598257,571.5343475,404.0293407,655.0675964,458.5858154,558.4849167,457.5537872,656.2776184,510.0196409,556.137085,511.5113783,628.4556961,503.4743643,584.5204926,501.9923687,606.4880943,502.7333665,630.5004883,564.7271776,577.2748566,561.8832207,631.8043137,639.8160267,568.3684158,638.5946131,627.6350784,654.8489285,572.1355057,650.0780725,638.8807297,655.7879591,562.8449631,659.6817112,2,4
647.740097,406.996851,571.5230179,408.81217,655.5362701,461.7884159,557.8489304,461.0429335,656.6601563,515.029707,555.7915497,516.0942221,628.7512207,503.3346748,584.5561981,501.9511271,606.6537094,502.6429009,630.5032349,562.0099497,576.8837738,558.2190657,631.6364288,637.8345394,568.3737183,637.7227879,627.402153,652.3363638,572.4348068,649.3288994,639.1516113,655.8682108,562.2047043,659.781146,2,4
648.2676697,417.9239559,571.52668,417.5675869,655.7907867,470.341444,557.5143433,468.2761431,656.7157745,522.5453424,555.3857422,522.8240776,628.884964,503.238802,584.656868,501.8282604,606.770916,502.5335312,630.4830933,561.9955301,576.452713,556.2233734,631.6761398,635.3980207,568.4977341,636.0372877,627.5764084,648.8103104,572.4311066,647.9907131,639.6609497,655.8841753,562.2248077,659.4358492,2,4
648.8071442,425.5546904,571.3819122,424.1058254,655.9953308,475.1491213,557.4378586,473.9353466,656.4788818,526.6719961,555.175972,527.6020575,628.8745117,503.0589437,584.7299957,500.9549332,606.8022537,502.0069385,630.4949951,562.1083975,576.2992477,556.6062212,631.8862915,633.0216265,568.4993744,634.5133209,628.6434937,644.0404844,572.5694656,645.9168291,640.0572968,656.5385056,562.2412872,659.0232611,2,4
649.4346619,431.4571381,571.3847733,428.9764166,656.0469818,480.7506895,557.4748611,480.0140476,656.3326263,531.3530302,554.8375702,532.1320724,628.8704681,503.0904865,585.173111,500.9446335,607.0217896,502.01756,630.495491,562.177062,576.1236572,557.6764011,632.0111847,631.9672394,567.748642,634.363718,628.9896393,642.9219818,572.1588135,645.7622051,640.2426147,656.8015337,561.5171432,659.0746307,2,4
649.8686981,438.853898,571.3848877,435.3053141,656.00914,485.8362007,558.0876541,486.3908386,656.209259,535.1242161,554.6810913,537.1931219,628.8419724,503.0585146,585.6224823,500.7323742,607.2322273,501.8954444,630.4393768,562.5266933,575.7020187,557.8913641,632.1051025,632.1707869,567.2903442,634.1120625,628.9968872,644.7393608,571.8572998,645.7468414,640.7106018,656.3392925,560.8246613,659.1253138,2,4
649.9510193,453.6813211,571.2480545,447.4386835,655.9719086,496.102109,558.2884979,499.2323112,656.2065125,544.1981936,554.3183136,547.1538591,628.9595795,499.6860123,586.5010834,498.8088226,607.7303314,499.2474174,630.2431488,562.7059937,575.6584549,558.2792759,632.2511673,632.4022293,566.8448639,634.2333412,629.0813446,645.3569984,571.85112,645.8509541,640.7100677,656.4605284,559.143486,659.9891567,2,4
650.3770447,464.0996647,571.2699127,454.5947742,655.7520294,505.2344513,558.4006882,505.8658218,656.2046814,551.8944168,554.0106201,552.376399,629.0990067,497.0519543,587.6844025,495.6944132,608.3917046,496.3731837,630.0792313,562.4707747,575.6276703,558.7834454,632.3222733,632.4831676,566.4972687,634.303937,629.0662384,645.7091618,571.764946,645.8652449,640.7032776,656.7306376,558.7327957,661.3292742,2,4
651.0108185,469.8226833,571.1454391,461.0340071,655.6742859,511.4305258,558.6904907,510.7649088,656.2151337,557.7747631,553.5637283,556.2192965,629.2755127,497.1684265,588.2752228,495.7037258,608.7753677,496.4360762,630.4985428,560.1541185,575.8760452,557.5428057,632.5190353,632.2398806,566.5093231,634.4110537,629.0665436,645.9090614,571.3551712,645.9555817,640.7731628,657.008729,558.9022064,661.3117218,2,4
650.9816742,472.5389242,571.1454391,464.6379089,655.8985138,517.8615189,558.7158966,514.4521523,656.275177,563.9929819,552.6998901,560.3935432,629.2703247,497.3589706,588.5330963,495.9110498,608.9017105,496.6350102,630.5211639,560.1626158,576.450882,557.2747993,632.571106,632.4178934,566.4751434,634.4773149,629.0203857,646.0371637,570.6287766,646.0312414,640.8986664,657.390933,559.0248489,661.1041403,2,4
650.952301,483.1276417,571.1466599,473.9589071,657.1463013,526.8918943,557.8179932,521.6986656,658.1686401,572.6088381,551.4189911,571.5273285,629.2957306,496.7376852,588.4724045,493.164897,608.8840675,494.9512911,630.72052,557.4176645,576.9605637,554.4687366,632.2937775,632.0141459,566.7229462,634.5065403,626.8220901,645.8966589,570.6401825,646.0500383,641.6478729,657.17906,559.86763,660.9448814,2,4
650.814209,485.735178,570.7865524,482.0621395,657.9903412,531.5322876,557.2653961,529.139328,660.07164,578.8482141,550.075798,577.4573278,629.3192291,495.1724339,588.4095383,490.3675461,608.8643837,492.76999,631.880188,557.6778603,577.001152,554.6871758,632.2914886,632.1383858,566.8938446,634.2856979,626.0028839,645.786624,570.7765961,645.3949785,643.0302429,657.4764204,561.4956665,660.9356546,2,4
650.7572937,490.0712156,570.5094147,487.431879,658.1376648,535.7867002,556.4081573,534.6703005,661.4867401,585.4870033,548.9487457,582.1845818,630.3964233,488.1178379,588.8327789,484.2420673,609.6146011,486.1799526,634.2335129,557.8157902,577.2386551,554.574523,632.27314,632.2288942,566.9039154,634.9188709,625.8711624,645.8977747,570.9898758,646.327529,642.9560852,657.4636316,562.6397705,660.7517195,2,4
649.9871063,494.6434593,571.1603546,490.767045,658.587265,542.0548725,555.8189774,539.4252777,663.374176,592.1720123,547.3349762,590.0676155,630.3727341,486.906209,589.094162,483.3913136,609.733448,485.1487613,634.9904633,557.4955559,577.2689819,553.0226612,632.3880768,632.4499941,567.7042389,635.9381533,625.8963776,645.8552885,572.2029877,648.0519533,642.768631,658.5288763,563.4191132,660.8994341,2,4
649.8954773,504.7972727,571.1591339,501.5292263,660.8561707,555.0421715,555.4157639,549.9788904,665.9707642,608.123517,545.9583664,602.9858208,630.5463409,483.9595127,589.1265106,481.2302685,609.8364258,482.5948906,634.8927689,553.3546114,577.2662354,550.6338644,632.2129059,633.706255,569.1806793,637.0495749,625.9902954,647.0347738,574.0921021,648.1605721,640.8269501,659.0848875,563.3254242,660.9671545,2,4
649.8436737,509.2836428,571.0894775,507.8684235,662.2649384,559.6234274,554.3555832,557.3944044,667.8166199,613.3422804,544.7818756,611.3139725,630.758667,484.3267822,589.1132355,482.5721884,609.9359512,483.4494853,634.9933624,554.3665123,577.4260712,551.4283991,630.9177399,637.1519709,571.7718506,637.9244471,625.1369476,650.0499201,576.7702103,649.0510225,639.6376419,660.1557112,564.4309235,661.1765814,2,4
649.6231842,512.9696846,571.052475,512.9171133,663.0245972,564.6286011,554.3268967,564.7182083,668.4692383,622.0645666,544.103775,619.6913481,630.737114,483.3486557,588.4915924,482.6429558,609.6143532,482.9958057,634.9082184,554.835577,577.0782471,551.5145731,630.8310699,637.9493809,571.6992188,637.889514,625.2466583,650.7940722,576.5253448,648.7336636,639.1329193,660.3467274,565.2631378,660.4404974,2,4
649.1781616,516.6352558,570.9819412,518.7160492,663.3713531,571.3560963,554.366684,570.583663,669.416275,628.3175468,544.0471649,624.7920513,630.7276154,482.3519039,587.4080658,481.9472551,609.0678406,482.1495795,634.7954559,555.9161425,577.1526337,552.7254725,630.9088898,637.3900223,571.6475677,638.1933546,625.6329346,649.2581749,576.1363602,648.724308,638.4888458,660.3225231,564.5370483,660.3445387,2,4
647.7661133,521.7693472,570.949173,525.5319071,663.1536865,578.196888,554.447403,578.7759447,670.2352142,634.5360231,544.1374588,634.1127491,630.7758713,483.0203962,586.7576981,482.6729536,608.7667847,482.8466749,635.5728912,558.0269766,576.8561554,554.0441751,630.9227753,636.4868689,571.1091232,637.7083254,625.3843307,649.1390848,575.9386063,647.3120928,638.3275223,660.2241182,561.0071945,661.1277437,2,4
647.4229431,525.5298471,570.9486771,527.6672888,662.9667664,580.7790613,554.4801712,582.9072332,671.4035034,638.4920025,544.1888428,639.6096039,631.0030365,483.7744617,586.4635086,483.1930017,608.7332726,483.4837317,636.2256622,560.1390982,576.4171219,556.4838696,630.9370804,636.141057,570.8517456,637.3101997,625.2706909,649.0257454,575.6842804,643.9831066,638.3992767,659.8713541,560.9861374,662.9283857,2,4
646.0398865,526.9634342,571.0048294,532.2085047,662.8115082,585.1317072,554.511795,586.2526989,672.1338654,643.0701256,543.7371063,644.1125393,631.0312653,484.2624521,586.3069916,483.2540703,608.6691284,483.7582612,636.8959427,562.244525,576.1885452,558.3048105,631.2594604,635.2619791,569.8883057,637.3187828,625.4619217,648.0800629,574.1440964,644.3251419,639.745903,659.930191,560.3200531,665.7185698,2,4
645.0215149,528.8618803,571.00811,535.2836466,662.6971436,588.6689615,554.5029449,589.5519876,672.2569275,645.0061655,543.6666107,646.5534782,631.1972046,484.3577242,586.3191605,483.5267973,608.7581825,483.9422607,637.720871,564.2125797,576.1785126,560.1259232,631.7137527,634.6753693,569.5317459,637.009449,625.9574127,647.5114346,573.5482025,644.067564,639.7788239,660.1059723,560.4421234,666.3251352,2,4
644.4238281,531.0455418,571.0467529,537.9378748,662.6184082,590.8730936,554.5360184,592.8797722,673.3299255,647.8897762,543.1135941,650.1902962,631.4720917,484.4999886,586.3419724,483.705883,608.907032,484.1029358,638.944931,566.776557,576.1814117,562.0141554,631.9968414,634.2474174,569.3099976,636.064496,626.3373566,646.5634346,573.2610321,643.3111382,640.8769226,661.3740349,560.535202,666.333847,2,4
644.6312714,537.2522163,571.3594818,538.3160448,662.232666,591.1941004,555.0398636,594.9854565,673.2917023,648.6929369,542.5886917,652.8374004,631.8690109,484.5071554,586.6699219,483.8790464,609.2694664,484.1931009,639.5771408,566.5164042,576.1848068,561.9176817,631.7925262,634.025588,569.2775726,634.0432262,626.3513947,646.1699867,572.7043533,641.8402576,640.9737396,661.7310047,560.59021,665.7385254,2,4
644.447403,536.4223623,571.4744186,538.9500761,661.7281342,590.5088711,555.0488281,595.7553577,673.2365417,648.7785101,542.4690628,653.7836409,632.0855713,484.5434618,587.2026825,483.9842749,609.6441269,484.2638683,640.5500793,566.4218616,576.6749954,562.18822,631.7926788,634.0116405,569.4265747,633.211484,626.5262604,645.8866167,572.6725388,641.9802046,641.0990143,661.9391441,561.3584518,664.2213821,2,4
643.2301331,531.8041992,571.5704346,538.6461067,661.3729858,593.3285379,555.0488281,595.4343939,672.9919434,650.4613495,541.3905716,654.7839546,632.0738602,484.4802046,587.4884033,484.0875721,609.7811317,484.2838883,640.337677,566.6938591,576.5921783,562.4002218,631.8077469,633.9912558,569.3352127,633.3421183,626.984787,645.9023237,572.5046539,642.5518799,641.4363098,661.8948555,560.956955,664.8067474,2,4
643.1407166,533.4365273,571.5974045,541.1442947,661.0845184,596.2734318,555.0516891,595.8034658,672.8786469,654.283433,540.6992722,655.2944326,632.0838547,484.5088291,588.105278,484.1649914,610.0945663,484.3369102,640.4072571,566.5072203,576.2917328,562.5451469,631.8136597,634.1726589,569.1265869,633.4663153,627.3259354,646.5751934,572.493515,643.0070829,642.1983337,661.898675,560.9754562,664.7213888,2,4
642.9199982,534.2262983,571.6664505,539.616766,660.5513,596.4214897,555.1290131,595.1607656,672.906189,656.7761278,540.9192657,653.72931,632.1170807,484.5444489,588.3182526,484.2247725,610.2176666,484.3846107,640.7803345,570.6767035,574.546814,564.8969078,631.7707443,634.5382547,568.9263916,633.4937811,627.3956299,646.8963718,572.5150299,643.88659,642.8505707,661.8628407,560.9862518,664.6529388,2,4
642.6644897,534.0474272,571.5654755,541.2109423,659.668045,595.7478046,555.5123901,594.7108841,672.8072357,656.6718006,542.4850464,652.7005434,632.1128464,484.6240997,588.4028244,484.3176413,610.2578354,484.4708705,640.7891083,572.4352455,574.4951248,564.4290018,631.7672729,634.7556639,568.8779831,633.5539484,627.4880981,646.8997622,572.5391388,644.6994066,642.8803253,661.8505669,561.0297775,664.62749,2,4
641.8509674,533.6613607,571.5517426,539.4884491,658.7084961,595.0409031,555.6441116,594.9391937,672.7636719,656.7042446,541.6921997,655.8197594,632.1694946,484.7044373,588.4212112,484.4611931,610.2953529,484.5828152,640.9168243,573.4547853,574.3069458,564.1308689,631.7276764,634.5869637,569.0953445,633.5814142,627.4686813,646.291008,573.4425735,645.2289391,642.8321838,661.9918871,562.2390747,664.6089935,2,4
641.5007782,533.148694,571.3023758,538.8027477,658.2540894,594.8688984,555.7378387,593.998661,672.7127075,656.6951466,541.3814163,656.3325119,632.2599411,484.7651196,588.4194183,484.4842386,610.3396797,484.6246791,640.8342743,573.1989241,574.1457367,565.2747774,631.6854095,634.4525099,569.4432449,633.2285643,627.567749,645.6454325,573.7751389,643.6551046,641.2599182,661.9684982,562.8065109,664.462781,2,4
641.2078094,532.6837063,571.0630417,538.4555197,657.7153015,594.2514753,555.8439255,593.5807943,672.5382996,656.127634,541.0983276,656.8969774,632.3075485,484.7822857,588.4200287,484.5137215,610.3637886,484.6480036,640.7727814,573.2834673,574.1854858,565.6753063,631.6175079,634.3040228,569.6846771,632.7123356,627.6212311,645.240612,573.9024734,641.9165182,640.1261902,661.840868,563.096199,664.1695404,2,4
641.1708069,532.7826691,570.5960083,538.3091354,657.4865723,594.612608,555.852356,593.9325714,672.3587036,655.4286289,541.1188507,656.1702919,632.3527908,484.8577309,588.1755829,484.5212317,610.2641869,484.6894813,640.7555389,575.1114464,574.1965866,564.8062706,631.603775,633.5705566,570.044632,631.6217709,627.7271271,643.3596325,574.0181351,639.7139311,639.6778488,661.8044329,563.1893921,663.5133219,2,4
640.7629395,530.6877995,570.1079559,536.5354013,656.8955994,592.3086977,555.7189941,593.3333015,672.12677,651.8930054,541.5983963,651.3605547,632.5551605,484.6713066,587.8891754,484.457674,610.222168,484.5644903,637.0815277,570.0710392,574.0778732,563.7586212,631.599617,632.4500799,570.0529099,630.8031607,628.3457565,641.1084652,573.8090897,637.736392,639.2222214,660.5000639,563.1081009,660.5162859,2,4
640.6980896,529.0426826,569.9234009,534.4056416,656.6296387,589.5957613,555.4041672,589.5038366,672.0418549,647.4958563,541.7638016,648.1723738,632.8918457,484.3002176,587.8559113,484.1383839,610.3738785,484.2193007,634.5284271,564.8475981,574.0937424,561.7321587,631.6443634,630.9637499,569.9897003,629.2093706,629.1625977,639.3862295,573.7804413,635.6385612,639.287529,658.6867619,563.3174515,656.2575817,2,4
640.6735229,528.4319973,569.7260284,533.4663534,656.5184021,586.9986105,554.8138428,587.9669952,672.0256042,643.7501621,541.9237137,644.0441322,632.9948807,483.7480259,587.8351593,483.8966417,610.41502,483.8223338,634.6102905,562.3664045,574.3458939,561.0234976,631.6824341,629.7509623,570.0892258,629.311595,629.6575165,636.9099283,574.3374634,636.5665197,639.3284988,657.1387196,563.3046341,656.7659998,2,4
640.4381561,524.4146919,569.6870804,532.0548677,656.5052795,582.2744894,554.4781494,585.244832,672.0087433,639.3552876,541.8232346,640.9011412,632.9801178,482.4394083,587.8359985,482.6670742,610.4080582,482.5532413,634.9915695,561.739068,574.634819,560.3235912,631.8296432,630.4277372,570.1469803,629.4310284,629.7838593,639.9300957,575.3072357,637.9630709,640.3027344,657.2215033,563.1721115,655.7830667,2,4
640.5263519,520.2731466,569.834404,524.6022749,656.4893341,574.1108322,554.4644928,576.221323,670.2470398,628.3056164,541.8270874,631.9203329,632.8575516,478.7483454,587.8416061,479.8857307,610.3495789,479.3170381,635.1475906,561.2251568,575.3408813,557.1826172,631.8758392,637.6885843,570.2732086,631.1022806,629.7744751,649.7966337,575.6101608,644.2057514,639.9586868,663.4625101,563.175354,656.3643122,2,4
640.5657959,513.3042097,569.9793625,517.3535728,656.3970184,567.5035,554.0658569,570.5421209,668.6405182,619.9938154,541.8309402,623.85993,632.3722076,474.7108698,587.686882,476.9901896,610.0295448,475.8505297,635.2650833,559.7170258,577.0508957,556.065917,632.9013824,641.7883301,569.9213409,635.2349424,630.521965,656.4763641,574.2913055,651.8137407,639.9552155,663.1253672,563.574028,655.183239,2,4
640.5918121,510.3042126,569.9090576,511.6257048,655.9998322,561.3645458,554.0305328,564.9796057,667.6187897,613.7006235,541.833992,616.136241,632.3314285,473.4685135,587.8076172,474.6824169,610.0695229,474.0754652,635.1399994,557.3238087,577.6242065,554.5493317,633.1507111,640.8656073,569.6936798,637.0890999,630.5138397,655.1704073,573.8296509,651.3515425,640.2835846,662.9087734,563.5993576,655.6473255,2,4
640.6158447,507.370863,569.0435791,507.64359,655.7069397,555.4887486,553.9699173,561.8291044,667.6591492,605.2311516,541.6719818,609.673233,632.3264694,473.8357401,587.8128052,473.8594294,610.0696373,473.8475847,633.4061432,557.7452803,577.9079056,554.9017525,633.6881638,640.6382847,569.695816,636.8087339,630.6430817,654.0127659,573.8009644,649.9639177,640.5331421,663.0045605,563.4623337,660.9294319,2,4
643.8117981,501.2431097,568.6788177,497.8152895,655.7330322,543.1246233,553.8535309,544.0637398,666.7512512,587.8234863,541.6849518,589.4381762,632.3273468,472.0797729,588.8333893,469.370656,610.580368,470.7252145,629.8967743,554.7105217,578.4688187,550.3440571,633.7591553,639.9712944,570.0289154,636.5717125,630.8924103,652.246542,574.172554,649.7763777,640.8300018,660.5695009,563.4579468,661.1599302,2,4
645.8860779,495.8505821,568.5397339,488.714447,655.743103,536.8734884,553.658371,534.0250683,666.5688324,582.1143723,541.8444061,581.3696194,632.1904373,472.7480936,588.8513184,470.0024557,610.5208778,471.3752747,627.3253632,554.7963953,579.4106293,550.6312466,633.7459183,639.7617388,570.0200653,636.3517284,630.9220505,650.8299494,574.1716766,649.1087437,641.1756897,660.515213,563.4866333,662.3740911,2,4
647.4957275,489.488039,567.5254059,484.9807262,656.0972595,529.8856258,553.5772705,529.4964695,666.7253113,574.8194075,541.8477631,575.8765411,631.7725372,483.7295294,587.7440262,482.9565811,609.7582817,483.3430552,627.4570847,557.9548359,579.6141815,556.1817455,633.7258911,638.8043833,570.0247955,636.1835432,630.890007,649.5652342,574.1765213,648.7782097,641.3389587,660.1806021,563.5018158,662.8890324,2,4
647.4613953,476.5360165,566.4463425,476.9571018,658.2647705,521.701498,553.3667755,524.5268726,666.8287659,567.316947,541.8511963,570.700264,630.9449005,492.5325823,587.6483917,494.3248129,609.2966461,493.4286976,628.0496216,558.6392927,579.8622513,561.9418859,633.8962555,638.4343672,570.3530121,636.0748386,630.9801102,649.3847752,574.239502,648.6358595,642.3464966,661.3093185,563.5157013,663.8306379,2,4
647.4247742,459.766674,566.503067,462.2475672,659.3749237,501.6080189,553.0151367,505.4149961,666.9391632,552.8187275,541.9280243,555.6138897,630.5012894,495.2842283,587.3889923,495.1450539,608.9451408,495.2146411,628.2965851,560.9372377,579.7904205,562.8895426,634.1339874,637.5389385,570.3905487,636.0652256,631.099472,647.9136801,574.2474365,648.1686831,643.1373596,661.3336086,563.6089325,664.3989658,2,4
648.0381775,452.6793337,566.5764236,455.241251,660.247879,496.9075871,552.0557785,497.2035313,667.2361755,544.552846,542.0640182,547.9698515,629.9485397,495.8542728,586.8454742,495.783205,608.397007,495.8187389,628.5401154,561.8147707,579.5967484,562.999835,634.3636322,637.4355555,570.4080963,636.0170317,631.2519073,647.4459028,574.2731476,647.7602577,643.4418488,661.1456394,563.6136627,664.5030355,2,4
647.8575134,443.153758,566.3385773,448.9623928,660.8439636,488.9056349,551.3444901,490.1325846,667.4575806,534.7774601,542.2847748,539.2019033,629.5519257,495.0150633,586.4431,494.7475719,607.9975128,494.8813176,629.2214203,561.80902,579.3878937,563.8685703,634.5665359,636.7015314,570.4064178,636.3304424,631.2804413,646.686945,574.2926025,647.5546074,643.9508057,661.1384726,563.6679077,664.5449209,2,4
648.1221771,436.3409901,566.3967133,439.4335985,662.1903229,479.2443609,549.6848297,478.9520216,668.0691528,526.1803579,542.1981812,531.0490179,629.3796539,496.1301327,586.3201904,495.9944773,607.8499222,496.062305,629.8134613,561.9606829,579.1010666,564.8508167,634.6006393,635.1070976,570.4288483,636.2892866,631.2823486,644.7418928,574.3616486,647.2188807,644.0840149,661.3971663,563.6885834,664.6507502,2,4
648.0079651,420.4361773,566.8602371,425.5089855,666.1468506,463.2100725,545.3238678,464.205966,669.3013763,509.5257711,541.9511032,515.0127125,629.4064331,500.2937794,585.7154083,500.5385256,607.5609207,500.4161525,631.7069244,565.5535984,578.7395096,568.9307785,634.7291946,635.0807905,570.437088,636.3449049,631.263504,644.8281097,574.449234,646.8829393,644.8072815,661.7474413,563.7403488,664.6113968,2,4
647.9322815,415.2008057,566.8697357,418.7644958,667.8540039,453.1129074,542.206955,454.676013,671.1768341,500.3681517,541.8543243,506.4643192,629.4376373,500.0923347,585.1514435,500.9045506,607.2945404,500.4984426,632.3183441,566.5136147,578.0619431,569.411602,634.753952,635.0601912,570.4639816,636.0305071,631.258049,645.1298046,574.5643234,645.7152128,644.7956848,661.5344954,563.9869308,664.1928005,2,4
647.743454,409.5176554,567.0397186,413.3189249,668.1876373,445.7574749,540.561409,447.9789019,671.8426514,490.6885099,541.8556976,497.5847054,629.5184326,499.8217964,585.0811005,500.4494762,607.2997665,500.1356363,633.0316162,566.7798615,577.7368927,569.2190409,634.8194504,635.0462008,570.5738449,635.8872557,631.2614059,645.4019308,574.9159622,645.5123091,644.7409821,660.3946638,564.1604614,663.7150669,2,4
647.2611237,405.2243614,568.1142044,408.8925076,668.3848572,438.8235998,540.0217819,440.4107809,672.9587555,481.2584209,541.8746185,487.023325,629.5359421,499.0791035,584.8048782,499.5323753,607.1704102,499.3057394,633.3000946,566.8887377,577.498703,569.1795158,634.8878098,635.0424671,570.6322479,635.6554699,631.2883759,645.7907009,575.1714325,645.526042,644.781723,659.8472357,564.3120575,662.1974087,2,4
647.24823,398.5949278,569.4469452,400.4574108,668.0921936,427.7283525,540.2674103,429.7450304,673.800354,466.5254116,541.8888092,471.9909811,629.5579147,499.6230984,584.8384857,499.1461802,607.1982002,499.3846393,633.5688019,567.4876213,577.4675751,568.7668419,635.0416946,635.207777,570.7910156,635.65135,631.4384842,648.3039093,575.2347946,646.8842268,644.7719574,656.6243792,564.6530151,660.4407978,2,4
647.1311188,394.4531679,571.1636353,396.1019754,667.9602814,424.1275835,540.3624725,425.3386116,674.3439484,456.7664194,541.8877029,463.0301714,629.5755005,498.9479542,584.8464966,498.4551573,607.2109985,498.7015557,633.8600922,567.5219107,577.6789474,568.4222317,635.2069855,635.334549,570.8527374,635.615859,631.6298294,649.9867058,575.2357101,646.8840981,644.7544098,654.8148966,564.6871185,659.9213076,2,4
645.7595825,391.0502815,572.5423431,392.7918291,667.7128601,419.4528151,540.7208252,421.777668,674.6690369,450.4439592,541.8765259,455.250349,629.43573,498.5946751,584.8538971,498.1856489,607.1448135,498.390162,634.0345001,567.8403854,577.9767609,568.3084631,635.640564,635.5206299,570.9629059,635.6556416,632.0470047,649.8850822,575.4293823,646.8616533,644.7703552,655.0773239,564.7441864,660.0676918,2,4
644.6212769,389.0227032,573.9348221,390.3557825,667.538147,416.4942741,541.1092377,419.1632652,674.8634338,441.9425583,541.3392258,446.3839102,628.7837982,498.3261538,584.8554611,498.0210686,606.8196297,498.1736112,634.0781403,568.005352,578.2985687,568.4905958,636.1381149,635.5457354,570.9841919,635.9476376,632.457962,649.6929932,575.3876495,647.2241163,644.9329376,655.4335213,564.7723389,660.1420212,2,4
644.4187927,387.6870918,574.6947479,387.0662355,667.7518463,417.801733,541.278801,420.4787493,673.3592224,424.5078135,547.6625824,429.3679333,628.817215,498.5882807,585.232048,497.741003,607.0246315,498.1646419,634.3057251,569.1545391,578.7730026,569.1122246,636.6224289,635.7696676,571.2012482,635.9427452,633.4140015,649.4328403,575.5477905,645.4311562,645.1062012,655.817399,565.3845978,660.2041626,2,4
643.5137939,386.1706352,574.6039963,386.2119627,671.047821,415.9988594,541.060257,421.0357046,669.3745422,417.4921846,554.0341187,419.5340967,628.8550949,498.8341856,585.4753876,497.9240799,607.1652412,498.3791327,634.3281937,570.4821682,579.1475296,569.8439312,637.0057297,636.6934204,571.4574051,635.8866119,634.2176056,649.9238777,575.8083344,644.3955231,645.3038788,655.9446859,565.7549286,660.287118,2,4
642.674408,383.2257843,575.9906006,384.8119783,669.72229,417.9470873,542.811203,419.7272158,671.4916229,413.1100559,551.2493896,412.2862101,628.8967896,498.7053537,585.8918381,497.7938747,607.3943138,498.2496142,634.5319748,570.376296,579.170723,570.4886913,637.2068405,636.6005945,571.6345978,635.8609056,634.2230225,648.5883951,575.9348297,643.8944864,645.8421326,657.0557213,565.9410477,660.3375864,2,4
642.5195313,383.8776684,575.6913376,384.3595648,669.4340515,424.055872,542.832756,426.0160732,672.4077606,409.1908121,549.0930939,406.8933821,629.3572998,498.6435556,586.3362885,497.7015638,607.8467941,498.1725597,634.7096634,570.3705025,579.1704178,570.9837627,637.2689819,636.5854025,571.7271042,635.8554554,634.1710663,647.9558229,576.0674286,643.8722134,645.9896851,657.1553278,565.9407806,660.5882549,2,4
642.483139,384.1281223,575.5170441,384.4455671,669.2527771,426.7967463,545.1976395,429.3388796,672.544632,400.6672239,548.3887482,401.3464022,629.9046707,498.6102962,586.5970993,497.2317266,608.250885,497.9210114,634.7861862,570.252142,579.204483,570.8261776,637.3712158,636.2931061,571.7375946,635.8281183,634.1334152,646.7974949,576.2012863,643.6268234,646.118927,657.6792812,565.9305573,661.0340595,2,4
642.539444,385.2248669,575.4258347,384.5360327,669.2240906,428.2765102,548.2139969,430.7938385,672.7788544,397.5163364,547.9547882,398.201437,630.4119873,498.592701,586.9313431,496.983161,608.6716652,497.787931,634.9292755,570.2437305,579.311142,570.8036041,637.3967361,636.2626791,571.7693329,635.8234406,634.1002655,646.5510321,576.3740158,643.6224461,646.3371277,657.869525,566.0301971,661.4608097,2,4
643.9772034,387.1843815,575.3749847,385.8995819,669.0901184,429.1581631,550.0756836,431.3789463,673.6332703,394.77705,547.9060745,400.29459,631.0702515,498.5473394,587.1211624,496.8134308,609.0957069,497.6803851,635.3229523,570.4233313,579.6839142,570.6758881,637.4345016,636.0135984,571.8439484,635.8269167,634.0660477,645.1196337,576.5804291,643.5994864,646.5006256,658.039813,566.1946487,661.800828,2,4
643.9756012,387.4205017,575.3562546,385.9267473,669.2299652,429.7003984,551.3209152,432.1527529,674.5152283,393.4162045,547.5889206,398.8039255,631.5971756,498.1102896,587.4227142,496.0733128,609.5099449,497.0918012,635.9130096,570.3958225,580.5592728,570.4857731,637.4995041,635.6275749,572.0330811,635.823741,633.9868164,643.865304,576.841011,643.4999228,646.5578461,658.1441832,566.6191864,661.8994045,2,4
644.6694946,388.3230972,575.402832,386.6717577,670.6786346,429.9627829,551.1096191,432.8369522,675.3943634,388.9370012,547.4788666,396.0439968,632.2919464,498.0801201,588.2283401,495.8498096,610.2601433,496.9649649,636.1847687,570.3553534,582.2241974,569.7883987,637.7081299,635.3841591,572.0542145,635.8209944,633.9611053,643.625021,576.8359375,643.5081625,646.7955017,658.2821131,566.7985153,661.9122791,2,4
644.9034882,388.0417871,575.5106354,386.9393349,672.4069977,430.2148676,550.7925415,433.2565784,676.1956787,387.4823856,548.487854,395.2122116,632.5990677,498.0538988,588.7997437,495.7814884,610.6994057,496.9176936,636.4193726,570.1145124,582.922554,568.8359356,637.856369,634.8450994,572.0811844,635.8173037,633.944397,642.973094,576.7519379,643.6120605,646.8856812,658.292799,567.0729446,661.8434858,2,4
645.1846313,387.7188063,575.4949188,387.5716925,673.2344818,428.8842344,550.6879425,432.7418518,677.3364258,384.5847845,548.2757568,391.7735338,632.8118896,498.0463886,589.222908,495.7360411,611.0173988,496.8912148,636.4363861,570.0367498,583.2197189,568.3921909,638.1510544,634.6376896,572.1231842,635.8129263,633.9888382,642.9277754,576.7493439,643.6754894,647.0651245,658.3117247,567.1334076,661.6694212,2,4
646.21521,387.7294493,575.8736038,387.831459,675.4664612,426.5529871,549.3611908,430.4985809,678.2209778,380.9144497,548.1542969,385.4663086,632.9616547,497.9546785,589.5056915,495.4506111,611.2336731,496.7026448,636.4271164,570.0243044,583.3522797,568.0820847,638.2970428,634.3139791,572.1507645,635.7997942,633.9772415,642.6778364,576.63311,643.781662,647.2454834,658.3423662,567.4069214,660.7969952,2,4
647.1075439,387.6255512,576.1935425,387.7017689,681.9548798,419.0636158,546.1355591,421.2468481,680.1873779,368.8838625,547.7994537,371.5431118,633.3969116,497.4259615,589.7379684,495.1819181,611.56744,496.3039398,636.4464569,569.741106,583.350296,567.703228,638.3243561,634.1534328,572.1552658,635.7364941,633.8974762,642.6942301,576.5340042,643.963623,647.4514771,658.3387613,567.6635742,659.7224808,2,4
647.4591827,386.5658426,577.0153046,386.0242939,684.7289276,414.1547441,543.6624146,414.8839188,680.8082581,362.5258684,547.7303314,364.5902252,633.5969925,497.2961855,589.7021484,495.1844072,611.6495705,496.2402964,636.5351105,569.5065308,583.2771683,567.5044012,638.502388,634.0662718,572.1733475,635.6156445,633.9660645,642.7228546,576.5378952,644.0341759,647.6488495,658.3409929,567.8636551,659.4865751,2,4
647.7830505,385.6743193,577.4639893,383.6079884,686.7799377,405.3664112,542.9558182,406.7004776,681.0621643,354.7629976,547.6786423,357.7867484,633.6707306,497.1769667,589.723587,495.0841141,611.6971588,496.1305404,636.5718842,568.8895798,583.3704758,567.0207453,638.5190964,633.9793682,572.3246002,635.5435038,633.9838409,642.5852251,576.6604614,643.9023399,647.7446747,658.3389759,567.9509735,659.5756674,2,4
647.7262878,383.8298607,577.7059937,382.2062445,688.0555725,397.6807451,542.4677277,400.5487776,681.6693115,349.4141579,547.49897,350.321238,633.6484909,497.1735334,589.7121429,495.0014162,611.6803169,496.0874748,636.567688,568.3152008,583.4533691,567.0258093,638.5216141,633.8181782,572.4688721,635.2805185,633.9802933,642.420001,576.7155075,643.5485888,647.8248596,658.2991934,568.4026337,659.6431303,2,4
647.6713562,382.1068096,577.7825165,379.6154881,690.491333,381.9495249,538.9006424,381.573329,681.9441223,332.9268551,547.3717499,334.8793316,633.813858,495.8943987,590.3219604,494.0582657,612.0679092,494.9763322,636.6571808,566.1685753,584.2355347,566.2789106,638.5194016,633.6318827,572.6328278,635.1732731,633.9632416,642.2476959,576.7150879,643.2835007,647.8581238,657.9030848,569.2129517,659.6745443,2,4
647.5971985,381.2139559,577.7208328,377.6206541,690.408783,371.7291927,537.423172,372.0469809,682.5928497,323.3110285,547.3497772,325.3118277,633.9418793,494.8718977,590.6872559,493.0760622,612.3145676,493.9739799,636.6889191,564.9930382,584.6996307,565.4086304,638.5259247,633.310833,573.0212402,634.5146084,633.9963531,641.8754482,576.8845749,642.4288416,647.8279114,657.0349073,569.8075104,659.5360136,2,4
647.5227356,379.8567581,577.7072144,375.7603168,689.5569611,362.8876448,536.9462204,365.3192282,683.5317993,315.6343961,547.3352814,319.0426898,634.0435028,494.3909454,590.875473,492.6539469,612.4594879,493.5224462,636.8873978,563.4729767,584.9308395,564.5553017,638.5689545,633.2809639,573.5994339,634.430666,634.0507889,641.9052744,577.2587204,642.4031782,647.8366089,656.7509794,570.5237579,659.499321,2,4
646.8084717,379.4785023,577.6866913,374.610486,688.4197235,354.3447661,537.4982452,358.9168167,683.5938263,306.1784935,547.1701813,312.0903611,634.0721893,494.3402624,590.9937286,492.7108955,612.532959,493.525579,637.1365356,561.7678213,585.2923584,564.2526197,638.5713577,632.3584127,574.013176,634.2114973,634.0563202,641.1453295,577.3721313,642.2679949,647.7192688,656.351738,570.8322144,659.5225382,2,4
646.3235474,378.1862354,577.6879883,374.106617,684.0522003,342.9183412,538.2604218,346.4837694,683.4887695,291.8794656,547.1511841,297.0980573,634.132576,493.5052156,591.1198044,492.101841,612.6261902,492.8035283,637.2332001,560.6955385,585.9061813,563.7711096,638.571167,631.5139246,574.345932,633.849678,634.0787506,640.7024431,577.3881149,642.0138502,647.5747681,656.311698,571.2574005,659.5318508,2,4
646.1595154,375.553422,578.0633545,373.4049511,679.3400574,334.090097,540.4523849,338.8612962,683.3191681,282.7190781,547.1376801,288.4192443,634.2869186,492.7863836,591.2213135,491.779933,612.7541161,492.2831583,637.4346161,559.8651266,586.111145,563.7855291,638.5706711,629.6810102,574.8228836,633.5438204,634.0847015,639.0893412,577.5011444,641.8460512,647.5749969,656.1560869,571.1725616,660.098033,2,4
646.0038757,373.0163956,578.5779953,372.3727512,672.6112366,332.3023295,547.007637,334.2142725,682.1323395,279.914217,547.1302414,281.8389273,635.0317383,492.6418018,591.851387,491.5347576,613.4415627,492.0882797,637.6268768,559.9672651,586.626091,563.8121367,638.5671234,628.9063883,575.814743,632.1982956,634.1568756,638.2889271,578.0382538,640.5973434,647.5965881,656.1079788,571.1857986,660.1046848,2,4
645.4506683,370.7615805,579.1243362,371.4123058,667.7817535,324.4982386,553.9505768,330.6734562,680.639267,275.157845,547.1446991,277.7434945,635.7185745,492.5069618,592.0714569,491.4851475,613.8950157,491.9960546,637.7209473,560.2216244,587.146225,563.8657808,638.5657501,629.0740156,576.5660477,632.0113564,634.3264771,638.3910656,578.6959839,640.5536556,647.8127289,655.8682966,571.4661407,660.3698587,2,4
644.5780182,369.8606586,580.1873016,370.827713,663.2628632,322.7127028,562.2493362,326.9017124,679.4991302,271.1048555,548.1916046,274.7985578,636.0868454,492.0826578,592.4397659,491.1427689,614.2633057,491.6127133,637.7443695,560.0740385,587.3404694,563.8081026,638.5756302,628.89184,576.917305,632.062211,634.4145966,638.0918598,579.6378326,640.5230141,647.7242279,655.8414316,571.4403152,660.7545948,2,4
644.3274689,368.116107,581.2940216,369.0261269,662.3352814,320.1247573,565.1644897,324.2826748,678.4213257,268.1424952,548.4104156,272.0480704,636.2544632,491.9066191,592.6208496,490.893774,614.4376564,491.4001966,637.902832,560.1953602,587.5281525,563.6899996,638.5709381,628.6699677,576.9454193,632.0874453,634.4019318,637.8193903,579.8434448,640.6303883,647.7677917,655.8525467,571.4110184,660.9078455,2,4
644.1239166,368.4089613,582.4234009,367.84132,662.3020935,320.0916052,564.8287201,323.8474488,678.1535339,267.6805758,548.3847809,271.6524982,636.3688278,491.8997097,592.650032,490.7105255,614.5094299,491.3051176,637.9967499,560.3333759,587.57061,563.6815882,638.6379242,628.7318516,576.9654465,632.1180439,634.4488525,637.822094,579.8154449,640.6663942,647.7674103,655.7490778,571.55159,661.2439156,2,4
643.9930725,368.5589933,583.1853485,367.5421143,662.5592041,321.0148859,563.7577438,324.0488935,678.13797,268.3588529,548.1781006,272.0662022,636.4899445,491.7135429,592.8297043,490.2921438,614.6598244,491.0028434,637.9963303,560.4240561,587.5419235,563.6555386,638.8433838,628.6761045,576.9257736,632.1844339,634.6807098,637.3756886,579.7853851,640.6916714,647.7698517,655.687151,571.5534592,661.7061138,2,4
643.8677216,368.8511181,583.5048294,367.0769978,662.6341248,321.2676358,563.5203171,324.0645146,677.9209137,269.6736503,548.2154465,272.5074363,636.5404129,491.4150667,592.8857422,489.9301958,614.7130775,490.6726313,637.9538727,560.4801035,587.5411224,563.2174587,639.0468597,628.7429667,576.9568634,632.197566,634.9007416,637.405901,579.9573517,640.7064342,647.8749084,655.5548,571.5445709,661.8803072,2,4
643.7444305,368.8370848,583.6810303,366.9660616,662.769165,320.5996156,563.6158371,323.8893771,677.943573,268.9087272,548.3397675,272.9548287,636.5425873,490.9737253,592.8992462,489.5825815,614.7209167,490.2781534,637.9051971,560.5170965,587.5731659,562.5027466,639.0876007,628.8211155,577.0423126,632.1749926,634.950676,637.5391102,580.2563477,640.4089451,647.8731537,655.43365,571.6334152,662.0235586,2,4
643.6623383,368.6804008,583.8713455,367.0232677,662.7757263,320.5685019,563.8371658,323.8017654,677.9637909,268.583107,548.5078049,272.8838897,636.5346527,490.7423258,592.9079437,489.4092894,614.7212982,490.0758076,637.8795242,560.5356359,587.5811005,562.124877,639.2394257,628.865962,577.2248077,631.9014072,635.2939987,637.6129246,580.6016159,639.6408892,647.8631592,655.3628397,571.7550659,662.0260048,2,4
643.6556244,368.5722971,583.9903641,366.9812536,662.7390289,320.2395558,563.9396286,323.7075233,677.9769897,267.9766273,548.6882782,273.1746626,636.5280151,490.6266689,592.9038239,489.3235874,614.7159195,489.9751282,637.8499603,560.554862,587.5711823,561.7701817,639.3206787,628.9016247,577.3413086,631.7936468,635.4392242,637.6692295,580.9157562,639.4383717,647.8627014,655.3411245,571.7497635,661.9470406,2,4
643.6326599,368.4241533,584.131279,366.8317366,662.8224945,320.360148,563.7796783,324.0416837,677.9449463,268.064518,548.754158,273.5853624,636.5292358,490.4072428,592.9043579,489.1075516,614.7167969,489.7573972,637.8477859,560.5019474,587.5635529,561.3217163,639.458847,628.9048004,577.4129105,631.7182016,635.6008148,637.6763105,581.0773468,639.3106556,647.8460693,655.2655506,571.8471527,661.8230581,2,4
643.6631012,368.4503746,584.349556,366.8228531,662.9469299,321.1787796,563.7507248,324.4480491,677.9543304,268.9200139,548.8123703,273.6092877,636.6213226,490.4117918,592.9639435,489.0634775,614.7926331,489.7376347,637.8437042,560.5206156,587.572403,561.0924196,639.6038818,628.9196062,577.5596237,631.394105,635.7453537,637.7057076,581.2545013,638.9217567,647.9397583,655.2661085,572.0376587,661.7299747,2,4
643.7304688,368.5087395,584.492569,366.8842649,663.0433655,321.2839866,563.7096405,324.5915151,677.9536438,269.0332031,548.8463211,273.496592,636.825676,490.49582,593.0371857,489.1355753,614.9314308,489.8156977,637.8723907,560.533576,587.6520538,561.0589457,639.6418381,628.9138985,577.5733566,631.3226509,635.7557297,637.7180672,581.2549591,638.8294029,648.0006409,655.2877378,572.375679,661.7042255,2,4
643.8209534,368.5183954,584.5717621,366.9082975,663.1280518,321.5462422,563.6634445,324.6317697,677.9325867,268.9613628,548.8444901,273.3923936,637.0936203,490.6140947,593.1771088,489.229517,615.1353645,489.9218059,638.025322,560.5616856,587.7886963,561.0513496,639.7119141,628.9224815,577.7452469,631.1134815,635.8203125,637.7342033,581.3563919,638.5611391,648.0820465,655.2979088,572.8527069,661.6586494,2,4
643.8674164,368.5256052,584.6147537,366.9329309,663.2082367,321.6994929,563.5297775,324.6184444,677.9022217,268.9904165,548.8340378,273.187108,637.2642136,490.7206106,593.260498,489.4068861,615.2623558,490.0637484,638.1964874,560.5750751,587.927475,561.0612631,639.770813,628.9304209,577.8236771,631.048336,635.8602142,637.7469063,581.4315796,638.4149694,648.1716156,655.2983379,572.9590988,661.6434145,2,4
643.9894104,368.3437729,584.6433258,366.9241762,663.2500458,321.4958167,563.4578705,324.3221998,677.8839874,268.6925626,548.8267136,272.7867937,637.4808502,490.7332277,593.3705902,489.4129372,615.4257202,490.0730824,638.40168,560.5861044,588.1721878,561.0754251,639.8069382,628.9358711,577.8349686,631.0591507,635.8803558,637.7552319,581.4185333,638.4315777,648.3703613,655.2797127,573.166008,661.5835476,2,4
644.0789795,368.0493736,584.675293,366.9035339,663.2844543,321.2836003,563.4001541,324.041748,677.8070068,268.480432,548.8248444,272.4833393,637.5971603,490.7402658,593.4395599,489.4172716,615.5183601,490.0787687,638.4329224,560.5826283,588.4108734,561.0869265,639.8422241,628.929863,577.8565598,631.0776472,635.9230423,637.7346754,581.4112091,638.4880543,648.4812927,655.1835823,573.3503342,661.4849281,2,4
644.1784668,368.0612612,584.762764,366.8968391,663.368988,321.2737942,563.2688141,324.1830683,677.7947235,268.3222246,548.8237762,272.3540998,637.7276611,490.8321905,593.5302734,489.4740057,615.6289673,490.1530981,638.4650803,560.5637884,588.5250092,561.1148214,639.8682785,628.9272022,577.9365921,631.1039543,635.9717941,637.7311563,581.5370941,638.5615253,648.5054016,655.0248384,573.4956741,661.4168644,2,4
644.2870331,368.07199,584.802475,366.8894148,663.4212494,321.3691092,563.0714798,324.2981243,677.7534485,268.4660125,548.8347244,272.3227501,637.859726,490.8421898,593.6445999,489.4821596,615.7521629,490.1621747,638.4871292,560.5237913,588.5936737,561.0811758,639.8964691,628.9051008,577.9972458,631.1212063,636.0316849,637.7094841,581.6485596,638.5895491,648.5608673,654.9298668,573.5905838,661.2571335,2,4
644.4374084,368.0846071,584.8310471,366.8967962,664.7768402,321.3723707,562.3375702,324.0501809,677.7537537,268.1461215,548.9887619,272.2101831,637.9132843,490.8522749,593.8463593,489.487009,615.8798218,490.169642,638.4997559,560.3432465,588.6804962,560.8684874,639.9213409,628.3556986,578.1286621,631.0146475,636.0923386,636.9745588,581.9306564,638.5772753,648.4959412,654.7584629,573.5497284,660.9266424,2,4
644.6437073,368.0935335,584.9771881,366.93748,666.756134,321.0833359,561.659317,324.0859079,677.8588867,267.3268676,549.1984177,271.8965149,637.9776764,490.8601284,594.0321732,489.492116,616.0049248,490.1761222,638.5013962,560.2071619,588.7529755,560.808363,639.9356842,627.7525234,578.3168793,630.7580137,636.1357498,636.0830784,582.1898651,638.4393454,648.4461212,654.5911789,573.5210419,660.6511688,2,4
645.0021362,368.0996275,585.0775146,367.0183325,669.7186279,321.0187912,560.5158234,324.1344881,678.0417633,267.3240566,549.2337036,272.0032024,638.0404663,490.920639,594.1460419,489.499197,616.0932541,490.209918,638.5134125,560.0551128,588.8414383,560.757122,639.9391556,627.3261166,578.6729813,630.3679132,636.1534882,635.5659056,582.5177765,638.1737852,648.4457397,654.4947481,573.6712646,660.2414989,2,4
645.2532196,368.3944559,585.1466751,367.1522713,672.904892,321.4144278,558.5841751,324.267118,678.1891632,267.6940513,549.2779541,272.0174932,638.1074142,490.9700775,594.2161942,489.5050764,616.1618042,490.237577,638.524704,559.9167967,588.8463211,560.6508207,639.9630737,627.1263027,579.0607834,630.0563908,636.1967087,635.3484535,582.9197311,638.0065441,648.4452057,654.2922306,573.9604568,659.8281813,2,4
645.4346466,369.3451166,585.1806641,367.3202419,678.4842682,324.3207192,553.4514618,329.8219943,678.5328674,272.0936894,549.2749023,276.155026,638.2264328,491.1129856,594.356575,489.5291948,616.2915039,490.3210902,638.5904694,559.8892879,588.9089966,560.6519794,640.0562286,627.1401215,579.1719437,629.9272585,636.3813019,635.3812408,582.9543304,637.8491735,648.5774994,653.8827324,574.3492508,659.4600964,2,4
645.6990051,370.186429,585.1840973,367.8745794,682.1685791,327.0248151,549.3276978,335.2840233,678.5377502,276.1967397,548.7672806,280.9196162,638.2837677,491.3453722,594.3727875,489.8411894,616.3282776,490.5932808,638.7144852,559.8885584,588.9291382,560.7345486,640.2602386,627.1269464,579.2185593,629.8716831,636.541214,635.3973341,582.9537201,637.7659178,648.7712097,653.4276581,574.5118332,659.243331,2,4
646.2237549,370.4251242,584.6828461,367.9684782,684.475708,333.9855981,545.1334381,339.642849,678.55896,283.897469,548.2094193,288.3358383,638.418808,491.5358305,594.3754959,490.329051,616.3971519,490.9324408,638.9481354,559.9017763,588.9766312,560.865612,640.5142975,627.0105171,579.2206573,629.817524,636.7707062,635.2879,582.9572296,637.6793146,648.8371277,653.2603312,574.5006561,659.0757465,2,4
646.9816589,370.4426765,584.4003296,368.0088615,686.6415405,339.5258188,543.2050323,344.9649739,678.5604095,291.5759897,548.0632401,293.7402749,638.4380341,491.5417528,594.366684,490.4424334,616.402359,490.9920931,639.1495895,559.711833,589.0398026,560.9356499,640.6993103,626.9488478,579.3035889,629.4751453,636.9064331,635.3481531,582.9039383,637.4122524,649.587326,652.7495098,574.6231079,659.0524435,2,4
647.7983093,370.7441998,582.9378128,368.5109711,691.6505432,349.1702271,539.6800613,354.4388151,679.2758942,302.5477266,548.1892776,301.4354253,638.4421539,491.4144659,594.3157959,490.3829956,616.3789749,490.8987308,639.3315887,559.4087648,589.0441895,560.9532452,641.0539246,626.680069,579.3230057,629.3977261,637.1994781,635.3631735,582.816658,637.4490309,650.3276825,651.4953089,574.6229935,659.0172529,2,4
648.3262634,370.6958342,582.2648239,368.6929321,694.9967957,355.6742191,538.6661911,360.5471277,679.6234131,308.9403749,548.1516647,310.526998,638.43647,491.2014341,594.2339325,490.2588415,616.3352013,490.7301378,639.4719696,559.087286,589.0608978,560.9565496,641.1499023,626.6218758,579.331131,629.3488884,637.5632858,635.6119967,582.6972198,637.6298332,650.4917908,650.1306009,574.6237946,658.8076973,2,4
648.5865784,370.6887102,581.2420654,368.9130449,696.5692902,361.4951277,537.2046661,364.2255735,679.7770691,313.488822,548.0060959,316.5209627,638.4379196,489.9690342,594.2305374,489.6217632,616.3342285,489.7953987,639.585762,558.6415243,589.0632248,560.7862616,641.2807465,626.8225908,579.6769333,629.3362284,638.021431,637.9939699,582.9795456,637.8085756,651.007843,649.2212677,574.622612,658.6764622,2,4
648.7823486,370.7826519,581.0756302,369.2905712,696.5611267,366.9103146,536.7282867,367.9570198,679.7727966,319.1867781,547.6110077,321.3588524,638.4397125,489.0115499,594.2357254,488.7264204,616.337719,488.8689852,639.6609497,558.5709286,589.0656281,560.7851458,641.5164185,626.9368315,579.7329712,629.3646812,638.6940765,639.1160345,583.0111694,638.1829262,651.9843292,649.2020845,574.6751785,658.4289694,2,4
648.6613464,371.1760139,580.9885406,370.5070925,695.7091522,378.6871433,536.5052032,377.931447,679.9984741,329.9462557,547.7689362,330.4992628,638.3966827,487.3378086,594.2763138,487.7846861,616.3364983,487.5612473,639.9782562,558.4087515,589.12323,560.3706264,642.1092224,626.8983364,579.9687958,629.0052652,639.7879028,638.9941978,583.1999588,638.0693293,652.5331879,649.3073559,574.7473907,657.7495766,2,4
645.3926086,371.5265036,584.8674774,370.8577538,637.6858521,381.9252777,578.6901855,384.3698215,555.4636383,338.0601096,628.9382935,337.3528647,627.9322433,487.0967102,616.7943192,486.9046211,622.3632813,487.0006657,606.258049,565.1586485,615.2175903,559.907527,593.8422775,626.9073915,609.0642548,627.6863909,610.405159,647.1641636,616.6509247,644.7361851,584.4464111,648.5694695,629.6015167,647.2933388,2,4
646.1193848,372.3321104,584.7968292,372.1449995,678.2113647,390.8476353,551.4669037,393.5279131,660.0836182,342.8819275,567.6746368,343.7723136,629.9605179,487.1441746,611.4457321,486.9792938,620.703125,487.0617342,620.1454544,560.4472733,606.1569214,558.637619,625.1052856,626.1486053,598.1165695,627.229085,625.8837128,642.8349495,601.925354,642.2244358,630.2175903,647.9966354,597.7761841,649.3796253,2,4
581.2354279,374.3904591,647.6399994,374.5305347,550.7680511,397.6548672,685.8639526,392.0506811,551.0613251,352.7992344,678.6760712,348.2547569,601.4822388,487.1909952,631.1683273,487.045126,616.3252831,487.1180606,592.5005341,558.9176846,635.3770828,558.4755278,583.2188034,627.8646183,639.5798874,626.3038301,588.1543732,642.8815985,637.0430756,641.3697338,576.2485504,647.7968216,646.1421967,647.2513247,2,4
637.9822922,376.8697214,599.5796967,377.2367764,674.7721863,405.6829977,565.8275604,411.0648823,671.4582825,359.0094924,565.8766937,362.1623325,626.7292023,487.236228,606.6060257,486.710515,616.667614,486.9733715,630.4290771,557.3632908,601.4516068,557.8528261,632.5798798,626.586771,593.7842941,626.4089298,628.6148071,638.9164352,594.8609543,640.7034302,640.138855,647.8030872,589.5423508,647.3878384,2,4
649.4489288,377.6400518,586.9033051,377.9602861,685.1276398,411.0247993,556.2873077,416.0307455,683.4929657,364.8546267,553.4429169,369.4509459,633.8664627,486.6984987,599.0071487,485.6970692,616.4368057,486.1977839,638.6800003,556.3732338,593.0552292,557.6197958,641.9535828,626.445322,584.1125488,627.0832586,638.4545135,637.9733276,586.0559082,640.6661367,649.9116516,647.7873373,579.809494,648.3178568,2,4
651.3783264,378.055644,583.9279938,378.593502,684.0893555,415.5900478,557.0394897,421.1844921,684.1471863,369.3751144,553.5219574,374.7571278,636.2667084,486.4168453,596.8567657,485.1503706,616.5617371,485.783608,640.7659912,555.437851,591.3552094,557.2439003,644.570694,626.2794113,581.9164276,627.3797607,641.2064362,636.4703894,583.8927078,639.8232365,652.08992,648.6198521,578.2427979,648.6867571,2,4
651.7478943,378.9790535,582.9692841,378.6562872,681.6557312,418.3555126,558.8961029,425.5856323,683.3472443,374.7480726,553.6485672,377.8831244,637.4084473,486.4874411,595.8015823,485.0980568,616.6050148,485.7927489,641.544342,555.4537296,591.3812256,556.8467617,644.5954895,626.3218546,581.4253616,627.4035788,641.6099548,636.5657902,582.9544067,639.311471,652.8436279,648.6797619,577.6636887,649.0452719,2,4
652.5370026,380.6412077,583.1337357,378.8709497,679.0940857,423.6094666,559.9699783,428.3922529,683.0741882,381.8658829,552.8847504,382.5076389,638.0852127,486.4850378,595.5823517,484.8135281,616.8337822,485.6492829,642.1054077,555.0336742,591.2981415,556.7129946,645.7426453,626.2140083,581.1616135,627.6740742,642.6501465,636.4293623,582.805481,639.2734909,653.3888245,648.5194302,577.3418045,649.2457724,2,4
652.789917,381.4707613,583.4345245,378.8238716,677.940979,426.0755968,560.4797363,429.7298813,683.1391907,384.3471193,551.7670441,385.4840755,638.6356354,486.0947227,595.758667,484.1618586,617.1971512,485.1282907,642.4910736,555.0631142,591.272049,556.5387154,646.0578918,626.4790106,581.3287354,627.9926348,642.8807831,636.4539099,582.9751587,639.2623758,653.9867401,648.6268902,577.4102783,649.7971916,2,4
653.20755,382.0129538,583.6085892,379.3749905,677.7272797,426.5234184,561.3871002,429.1359758,682.8639221,383.9704084,552.2513962,388.7596321,638.8964844,486.285224,595.8280563,484.2012119,617.3622704,485.2432179,642.6207733,556.5788412,590.994072,556.8511391,645.7907104,626.6789961,581.2769699,628.1789732,642.4079895,636.4644241,583.1752777,639.1830254,654.6437073,649.0017128,577.3577118,650.3347063,2,4
653.4448242,382.0521784,583.8116455,379.6747541,677.6823425,426.6094637,561.5984344,429.8442078,682.6346588,384.7318983,552.0632935,389.4935703,639.2467117,486.3178825,596.0157394,484.2863131,617.6312256,485.3020978,642.8482819,557.5970936,590.9259796,557.0233583,645.9413147,626.7395067,581.3244629,628.1865692,642.5156403,636.4754534,583.4521484,638.7710381,655.0576019,649.1053963,577.4502563,650.658803,2,4
653.7606049,382.0556545,583.9116669,380.3000307,678.3248138,425.8971548,561.7224121,430.276022,682.62146,385.8976936,552.9349899,390.0479507,639.8030472,486.334877,596.2044525,484.3463516,618.0037498,485.3406143,643.5185242,557.8748846,591.0110474,557.0826244,646.5947723,626.5883589,581.4043045,628.1926203,642.9337311,636.2256432,583.5991287,638.4788704,655.096283,649.1374969,577.2747803,650.8508921,2,4
653.7723541,381.999135,583.9713669,380.1476812,678.9603424,425.6273031,562.0050049,429.9599504,682.9836273,386.6884518,552.981987,390.3923035,640.1467133,486.0736084,596.3297653,484.0776587,618.2382393,485.0756335,643.8414764,557.9586983,591.1460114,557.0925808,647.1320343,626.4303017,581.5156174,628.2081127,643.2978821,635.969739,583.7572098,638.3769464,655.3898621,649.1828156,577.1160126,650.9984779,2,4
653.8697052,381.8383312,584.0821075,380.0691891,678.8392639,424.3700552,562.3255157,430.0901985,682.4519348,387.1688032,553.107605,391.3398743,640.4026031,486.0293198,596.3925171,484.0619087,618.3975601,485.0456142,644.1352081,558.1926727,591.2387848,557.1551943,647.1898651,626.3295794,581.4625931,628.2138205,643.2380676,635.7847309,583.7501144,638.1312132,655.4766846,649.3048668,576.9273758,651.0250854,2,4
653.6691284,381.3731289,584.0500641,379.9797535,678.7998962,424.2147017,562.3474121,430.3590202,683.0569458,388.2289839,552.7065277,393.3387852,640.6016541,485.7144499,596.4574432,483.8405085,618.5295486,484.7774792,644.6999359,558.2228422,591.2968826,557.1664381,647.2353363,626.2640905,581.5369415,628.2191849,643.2318115,635.7500124,583.8300705,638.0269718,655.5206299,649.3705273,576.7585373,651.0645247,2,4
653.4561157,379.1073704,584.0133667,379.4237423,678.6307526,423.1177855,562.447319,428.8973236,682.334137,394.0830231,552.6725006,396.8321371,640.786972,485.5236483,596.6809082,483.8529539,618.7339401,484.6883011,644.8890686,558.0963278,591.3438797,557.1531773,647.1738434,626.1377478,581.5621948,628.1908607,643.1426239,635.6952095,583.9064407,637.5821543,655.6651306,649.3728018,576.6665649,651.1170101,2,4
653.2780457,378.0026007,584.0435791,378.4361744,678.507309,422.4159908,562.5797272,428.0004358,681.869812,398.5117579,555.4055786,403.9532948,640.7250977,485.1241922,596.9114304,483.6721516,618.818264,484.3981719,645.1520538,557.2962141,591.3847733,556.857748,646.9599152,626.0121346,581.5815353,628.164854,642.9875183,635.6915188,583.9681244,637.3447895,655.8538818,649.3558502,576.4854813,651.1475229,2,4
653.2407379,377.1313334,584.0190887,377.9855204,678.2557678,423.3815432,562.8007889,428.9439297,681.5770721,401.7577028,555.3079987,404.6662474,640.7009125,484.7209167,596.980896,483.5183001,618.8409042,484.1196084,645.1958466,556.7165565,591.4419556,556.5559673,646.7797852,625.7657576,581.5957642,628.0094576,642.9308319,635.6759834,583.9846039,636.8795872,655.8162689,649.175005,576.4654541,651.1531448,2,4
653.4586334,376.9055128,583.7884521,377.9138088,677.8278351,423.6897182,562.8743744,428.5859299,681.7989349,407.9066133,554.4459915,407.7063704,640.7704163,484.7398853,597.0072556,483.7479401,618.8888359,484.2439127,645.2656555,556.4267063,591.399765,556.5512896,646.6670227,625.6016064,581.6292191,627.7858686,642.4452972,635.7579517,584.0556717,636.3954592,655.7798767,648.7628031,576.5111542,651.1311722,2,4
653.44841,377.0438719,583.8000488,378.3732176,675.9584045,422.9504585,560.6443024,427.7301121,683.3686829,417.0518303,551.2123489,412.9157782,640.7484436,485.4679871,597.041626,484.8206091,618.8950348,485.1442981,645.1461792,556.4926672,591.2822342,557.353034,646.6432953,625.337162,581.9171906,627.2698975,642.4092865,635.8605194,584.7539139,635.6722498,655.7787323,647.9185295,576.5552521,651.1227608,2,4
653.8883209,377.5379133,583.7486649,378.9130497,675.9662628,421.7952204,557.495842,427.5457048,684.9790192,422.0090246,550.3293991,413.8353682,640.6721497,486.4629364,597.0832443,485.3011322,618.877697,485.8820343,645.3038025,556.3213491,590.9294891,558.4520102,646.7899323,625.0005341,581.9439697,626.6710138,642.6435852,635.9566498,584.9821091,634.3357372,655.7110596,646.5006924,576.9875336,650.9883928,2,4
654.6187592,379.3289423,583.762207,379.780798,675.9611511,420.7853794,556.0203934,427.5034332,684.6006775,427.7014875,551.2958908,421.4323282,640.4811859,486.9204998,597.1119308,485.3794098,618.7965584,486.1499548,645.3911591,555.8317709,590.859375,558.4340715,646.9566345,624.6683264,582.1417236,626.2961912,642.9536438,635.866313,585.6417084,633.8709641,655.6638336,645.638566,577.0523071,650.9622145,2,4
655.6049347,381.0721636,583.874321,381.0613489,676.3109589,420.4181957,556.8169022,425.3185701,684.3243408,431.9588614,551.8426514,434.1690874,640.4341125,486.9211006,597.1367264,485.4308653,618.7854195,486.175983,645.4496765,554.8617983,590.4910278,558.4162188,647.2860718,624.3985176,582.150383,625.9947109,643.3796692,635.3430033,585.7411957,633.7418747,655.6340027,645.3510332,577.0676422,650.7052803,2,4
656.8208313,384.976902,584.0297318,385.3018999,677.1840668,420.2957153,556.8571854,422.485342,685.4319763,446.6380119,551.9546509,447.1923923,640.5833435,487.658,597.4317551,485.8549976,619.0075493,486.7564988,645.4153442,553.7827778,590.3095245,556.1941481,647.5136566,624.030261,582.1578217,625.5686045,643.4483337,634.30089,585.8339691,633.7048388,655.6572723,645.3306913,577.1199799,650.0391054,2,4
657.4324036,387.0342207,584.0395355,387.735672,677.7741241,420.7867527,557.3184204,422.1895266,686.0884094,454.4493341,551.9966888,454.1362238,640.6187439,488.5955715,597.1837616,486.971612,618.9012527,487.7835917,645.3876495,553.6587095,590.1266479,555.7591152,647.7075195,623.9409971,582.1659088,625.5790329,643.8102722,634.3559504,585.8739471,634.1419744,655.6987,645.1128101,577.2121048,648.9521456,2,4
657.9621887,390.6875181,584.1507721,390.0841713,678.132019,423.1550789,557.46315,422.2395658,686.1051941,459.5717955,552.0303345,462.290225,640.6028748,488.6405468,596.8437576,487.0377874,618.7233162,487.8391671,645.3637695,553.2925558,589.8929596,555.5323076,647.709198,623.285594,582.170639,625.2806854,643.7713623,633.6649704,585.9004974,634.3637609,655.8244324,645.167098,577.1553421,648.8085938,2,4
658.6316681,393.342905,584.4841385,391.2394524,678.6219788,426.1967039,557.3779297,422.904582,685.9554291,464.0452051,552.0019531,467.0404387,640.6338501,488.758049,596.6762543,487.5286961,618.6550522,488.1433725,645.346756,552.9358435,589.6702957,555.3479433,647.7120972,622.5286961,582.1772385,624.5935249,643.7397766,632.8176928,585.90065,634.3568516,656.1964417,645.2089834,577.1282959,648.5250092,2,4
660.1245117,399.1593504,584.2024612,396.5388107,678.9981842,434.2634153,555.5656815,428.3802366,685.3307343,474.8363543,552.0307159,477.6504421,640.8003235,488.6579704,596.6856003,487.5331593,618.7429619,488.0955648,645.4830933,551.3941526,589.4236374,553.2534599,647.8321838,621.8912315,582.2561646,623.260746,643.972702,632.8704357,585.9415436,633.1517458,656.6910553,645.2391529,576.564827,648.4139872,2,4
661.1694336,401.9785023,584.0416718,399.1607237,679.4413757,437.4582052,554.2137527,432.1437836,685.0717163,477.8748894,552.0685577,480.9573269,641.2254333,488.8639212,596.6639328,488.2547808,618.9446831,488.559351,645.4773712,551.0600138,589.4081879,552.8693676,647.8633118,621.7326164,582.3674393,622.2701311,644.2308807,633.9884233,585.946579,632.9212046,656.7282104,644.6946859,576.3318634,647.4050903,2,4
662.1037292,404.6291685,583.5242844,401.8846035,679.5182037,438.6822796,553.3089447,435.7066154,683.9414978,481.2103128,551.992569,483.7751484,641.5340424,489.8601151,596.6396332,489.081502,619.0868378,489.4708085,645.5132294,551.0908699,589.4132614,551.780777,647.8920746,621.3828564,582.4626923,621.1489677,644.2753601,633.8104963,585.938797,632.821641,657.1589661,644.7448111,576.3108063,646.4026308,2,4
662.3683167,406.5169716,582.9428101,403.7003517,679.5225525,439.9157524,553.4217072,437.5440788,683.7537384,482.6161766,551.9760132,485.0021839,641.9952393,490.5440569,596.7885208,489.6407318,619.39188,490.0923944,645.6906891,551.1421967,589.5113373,551.0275698,647.9903412,621.0501766,582.4980927,620.7327747,644.3672943,633.5342932,585.8390045,632.8519821,657.6309204,644.6491098,576.2650681,645.7656384,2,4
662.7612305,410.3936863,582.4107742,407.0363331,679.500885,442.6262856,553.410759,440.8440113,683.5029602,485.4501343,551.8731689,489.0720177,642.2799683,490.8777666,596.7915726,489.8006344,619.5357704,490.3392005,645.9210205,551.1948967,589.5923996,551.0528469,648.0375671,620.6600761,582.5031281,620.2198076,644.4610596,633.2583046,585.739212,632.7869225,657.6277161,643.3742237,576.2742233,645.2191114,2,4
662.6313019,413.4109354,582.1588135,410.1225471,679.6243286,444.3103266,553.3334351,442.937808,683.4622192,487.2391033,551.8366241,491.0672808,642.6526642,491.5394783,596.8341827,490.494318,619.7434235,491.0168982,646.0588074,551.4545345,589.715271,551.2390566,648.0354309,619.8396635,582.5445557,619.8168325,644.4610596,632.0092964,585.7384109,631.931963,657.7061462,643.2015324,576.1339569,645.3041267,2,4
662.787323,416.8351936,582.1955109,413.9287519,679.6620178,446.0320902,553.4667969,445.2960062,683.4316254,489.7374201,551.7787933,494.6164656,642.6286316,491.5750551,596.780777,490.3790474,619.7047043,490.9770513,646.0664368,551.6619444,589.8917389,551.3770723,648.0582428,619.7507858,582.6670456,619.7066689,644.4791412,631.883769,585.8156204,631.7239952,657.6763153,642.6575375,575.8752441,645.1739645,2,4
662.9466248,420.6155205,582.1422577,417.0542765,679.8023224,448.7697887,553.5128021,448.4189987,683.3707428,493.0506992,551.8086624,498.9154243,642.6020813,490.6064558,596.7892456,487.7826262,619.6956635,489.194541,646.0597229,551.4141083,590.2581787,549.7162056,648.1278992,619.3425322,582.6915359,619.3377686,644.5797729,631.6411257,585.814743,631.1866951,657.686615,642.4495697,575.8136749,645.194993,2,4
664.4421387,429.4096041,582.1543503,423.1495857,679.9830627,459.6523476,554.0627289,456.8873978,682.8741455,503.4594727,551.8138885,507.4221039,641.8174744,487.0888567,597.6741409,484.9234772,619.7458076,486.0061669,645.9674072,548.0682993,590.7109451,547.1199989,648.1486511,618.6019421,582.7216339,619.1861486,644.6102905,630.4571342,585.8590698,630.8069372,657.6747131,642.4908543,575.6227875,645.2604389,2,4
664.9491119,432.0082998,582.6404953,426.7974758,679.9989319,465.0409269,554.4641876,463.3827639,682.6359558,509.4658613,551.8293381,514.2989445,641.3673401,484.3610716,598.0518723,483.0340433,619.7096062,483.6975574,645.8672333,545.7731438,590.8039474,545.6094217,648.1763458,618.0781174,582.7206421,619.2602634,644.572525,630.3025532,585.7753754,630.8194685,658.0306244,642.5540686,575.5865479,645.1961517,2,4
664.7019958,435.6594086,582.4001312,430.1531553,679.9317932,469.3355083,555.5299759,469.2245293,682.4172211,514.4890594,551.9934845,519.4247961,640.8441925,483.367281,598.0739212,482.4118137,619.4590569,482.8895473,645.7839966,544.8807192,590.8208084,545.532217,648.2498169,617.3073149,582.7427292,619.3054962,644.5648956,629.4942427,585.8948898,630.8845711,658.0175018,642.6007605,575.5925369,645.2224159,2,4
664.5480347,441.385088,581.409111,434.6289682,679.9252319,472.8346109,557.1833038,475.2559376,682.4011993,520.4635191,552.208252,524.0617561,640.7936859,483.4777451,598.2494354,482.4485922,619.5215607,482.9631686,645.094986,544.714036,590.8927536,545.7315588,648.272171,616.7362833,582.7524567,619.2588472,644.5573425,628.2309008,585.9502411,630.8124304,657.9123688,642.6360369,575.6044769,645.3545523,2,4
664.55513,450.6522703,580.9899139,445.6774378,680.7089996,487.6154709,558.7238693,488.3320713,682.4121094,532.7097988,552.5814056,538.2087564,640.8261108,482.578969,598.9191818,482.2631979,619.8726463,482.4210835,644.5378876,545.1573086,590.8925247,545.7197142,648.2949066,615.9577131,582.7562332,618.9496422,644.5554352,626.2940884,585.9679413,630.251956,657.6186371,642.5617075,575.6096649,645.5447531,2,4
665.5464935,457.8194761,580.2626419,451.5723324,681.3286591,495.6533432,559.5530319,495.3546953,682.434845,539.8671341,552.9906082,544.5510435,641.0837555,481.793189,599.0646362,480.8914089,620.0741959,481.342299,644.2010498,545.3787088,591.0324097,544.8045444,648.2887268,615.4908371,582.7318192,618.6600924,644.5256805,626.737833,585.8600616,630.1638079,657.1403503,641.6946888,575.8267212,645.465703,2,4
666.6248322,464.3572855,580.3275681,454.022541,681.3626099,500.6668425,560.7771683,500.1275253,683.0770111,545.7525015,553.3444977,550.3286934,641.7591858,482.1768951,599.1809845,481.2623692,620.4700851,481.7196321,644.037323,546.9506979,591.0694504,544.8900747,648.0781555,614.7717476,582.7142334,618.5456371,644.1387177,626.3137007,585.8643341,629.706502,656.8914795,641.5934515,575.8297729,645.60256,2,4
666.7800903,469.1275835,580.6996918,456.0033417,681.3432312,505.3119135,561.7263031,504.3200111,683.1739044,551.655035,553.4488678,557.1363974,642.0248413,482.363019,599.6544647,480.8757448,620.839653,481.6193819,643.6630249,546.9673061,591.1604691,544.3295145,647.9286194,614.4767046,582.5891113,618.4263325,643.8471222,626.4835167,585.7787323,629.7149134,656.4627075,641.5651274,575.8311844,645.6148767,2,4
666.4279175,472.7237606,580.7357025,467.4722958,680.3111267,511.8687344,562.9585648,514.1556501,684.1223145,559.188652,554.0176392,565.9530115,642.5346375,478.8897514,600.4449463,477.2275114,621.4897919,478.0586314,643.6405945,543.8627243,591.4123535,542.9885387,647.7510071,612.1997023,582.1567535,618.2402515,643.5804749,623.5245895,585.7419586,629.463129,655.3633118,640.8050537,575.7705688,645.6278801,2,4
665.8491516,475.9312963,581.1962128,470.5267954,678.5974121,516.8278599,564.231987,517.2976542,684.8394775,566.2286997,554.6600342,570.6859732,640.110321,472.2352123,600.6705475,472.3906946,620.3904343,472.3129535,643.618927,537.0566511,591.6178131,534.2443657,647.5937653,611.457653,582.1622849,617.5653648,643.1929016,622.0180464,585.7518387,628.3823919,655.1467896,640.9122992,575.7786942,645.6359053,2,4
664.00177,477.8570366,582.5124359,474.6065426,677.3223877,521.5479898,564.8606491,523.9777708,684.9282074,573.4565449,554.7307587,575.8862829,640.9802246,462.0557356,600.9875488,458.1847715,620.9838867,460.1202536,643.62854,532.9430437,591.7089844,533.2183886,647.5921631,611.0524464,582.2670364,617.1025229,643.1993866,621.7376804,585.8971405,628.3073759,655.1386261,640.9621668,576.1669159,644.1875553,2,4
662.7711487,481.2120295,583.4521484,478.2800102,676.2814331,526.3959217,564.9272919,528.9940596,684.988327,578.2756805,554.7922897,583.0104446,641.2627411,457.981267,601.1370087,456.8508339,621.1998749,457.4160504,643.8276672,530.9640026,591.7237091,530.8054733,647.5563812,610.8156824,582.266655,617.1258688,643.1744385,622.0828056,585.7696533,627.8783512,655.1618958,640.7722664,576.2943649,643.6129618,2,4
661.0735321,484.4461298,583.9230347,487.7278233,675.3453064,536.0318756,565.2757645,537.653389,685.2003479,589.2386627,555.0230789,592.2281027,642.4982452,455.9130049,601.2950897,455.5369377,621.8966675,455.7249713,645.4853821,531.6947651,591.8573761,530.7671499,647.631073,612.8640747,582.6311111,618.1084156,644.2637634,626.1564159,585.9502029,628.8289261,655.1803589,640.6601715,576.4759064,642.5832081,2,4
659.5952606,489.1900778,583.9655304,492.1467733,674.8765564,543.056345,566.1401367,543.2852983,685.1750183,595.6345081,555.6673431,599.974966,643.337326,456.2129402,601.2788773,456.2748241,622.3081017,456.2438822,647.8239441,532.9818821,591.8613434,532.0949507,647.5811768,613.6518717,583.7008667,618.6542988,644.2527008,626.4622307,586.4188385,629.3207359,654.24263,640.2980518,577.1442413,642.290225,2,4
658.0216217,490.5847836,584.061203,493.8035631,673.161087,546.0665989,566.737442,545.9246778,685.178833,601.0914516,555.7727051,602.7708149,643.8529205,456.7971897,601.2561798,456.4288473,622.5545502,456.6130185,648.6579132,534.0097475,591.8653488,532.7134895,647.2128296,613.7551689,585.4465485,618.1057119,643.9173889,627.705574,587.7753448,628.6240053,652.590332,638.7216854,577.7105713,642.4274254,2,4
656.9058228,491.2190723,584.5519257,494.9850225,671.7507172,547.7746725,566.9130707,549.5980167,685.1779938,605.9863329,555.9282684,605.7899094,644.0594482,457.8923035,601.2473679,456.9381666,622.6534081,457.415235,649.1778564,534.354744,591.8650436,532.9669905,647.0809937,613.3575583,586.2668991,616.5989971,643.8352966,626.496048,588.7821198,627.4108315,652.1546936,637.9394674,578.0160522,642.1709633,2,4
656.0333252,496.3980961,584.8503876,500.0812197,671.217804,553.8471079,566.6646576,555.2265787,685.2630615,613.1446552,555.9189606,611.2304592,644.3998718,459.4191885,601.233902,458.2138252,622.8168869,458.8165069,649.868927,534.7530413,591.7248535,533.384943,646.3685608,610.953784,586.431694,614.5313787,643.483429,623.5391808,589.0538788,625.417285,651.8341064,634.9347496,578.2836914,639.8563242,2,4
655.6505585,500.6352139,585.148201,502.3607969,671.0821533,556.9375706,566.5374756,558.9842033,685.3572845,615.5095053,555.9525681,613.4011173,644.6565247,460.0124931,601.2630081,458.8936043,622.9597664,459.4530487,650.7112122,535.4056549,591.2660599,533.6447096,646.0172272,610.4127073,586.2880707,614.5552397,643.1255341,623.2256413,589.3531418,625.6411314,651.6424561,635.2019835,578.0728912,639.2786837,2,4
655.3826904,503.0210066,585.5510712,502.7872467,671.0636139,560.9154797,566.4174271,559.5078135,685.5738068,618.0152464,555.8884811,615.0436592,644.7623444,460.2458239,601.1721039,458.8866091,622.9672241,459.5662165,651.8445587,536.3635254,591.264534,533.7453032,645.8581543,609.9276781,586.1900711,614.4990206,642.902298,622.9838991,589.3460083,625.6628895,651.7717743,634.8868561,577.8889084,638.9866447,2,4
655.128479,504.9714231,585.5156708,505.6789255,671.2412262,563.7978458,566.3369751,561.1766195,685.647583,619.4573307,555.7672119,616.7085171,644.7528076,460.6272554,601.1138916,459.2755938,622.9333496,459.9514246,651.6129303,537.9932785,591.4229584,536.8579102,645.7783508,609.7582912,586.1240387,614.6366501,642.7191925,623.0882692,589.3843842,625.7328415,651.8650818,634.1419744,577.4568558,639.2320347,2,4
655.1350403,506.2314177,585.4772186,507.4491405,670.9456635,565.2218199,566.3018036,563.9056492,685.6391907,620.9821129,555.3968048,619.9677229,644.7520447,460.7877588,601.0827637,459.4913721,622.9174042,460.1395655,651.9218445,538.5128975,591.6881561,538.6247349,645.6554413,608.5532284,586.132431,613.795166,642.3777771,622.5401115,589.336853,624.2733765,651.9334412,631.2735128,577.4605179,638.6434937,2,4
655.0642395,506.7486763,585.3028107,507.8857613,670.7649231,565.7804489,566.251297,565.0401163,685.4823303,622.4136829,555.101738,621.4174032,644.7427368,460.9474897,601.0773468,459.6689987,622.9100418,460.3082442,651.9351196,539.2892361,591.6872406,540.1578856,645.6175995,608.4932756,586.1745071,613.6796379,642.3251343,622.6150417,589.4098663,624.2509747,651.9335175,630.8135462,577.4140167,637.8340244,2,4
655.0717926,507.5291348,585.2180862,508.078537,670.5019379,565.9954977,566.1602783,565.4642487,685.4227448,622.9970741,554.7960663,622.4581861,644.7831726,461.0344362,601.0767746,459.7675323,622.9299736,460.4009843,651.9329834,539.6275806,591.8282318,540.941906,645.6173706,608.2372856,586.1566162,613.375926,642.2993469,622.5367641,589.3942261,623.9198399,651.8493652,631.110177,577.4300385,637.1324873,2,4
655.1796722,511.0869884,585.136528,508.3843946,670.3910065,568.2926702,566.1348343,565.7819939,685.2228546,623.9566612,554.3867111,622.8219795,644.7793579,461.1817646,601.1700439,459.9080372,622.9747009,460.5449009,651.8992615,540.0784492,592.079277,541.0591936,645.6102753,608.2687855,586.1352539,613.0533314,642.1382141,622.5747871,589.3291473,623.7001991,651.82724,631.3432074,578.0641556,635.9436464,2,4
654.8160553,509.564867,584.3667603,508.3232832,670.1628113,567.6769209,565.9363556,565.9140015,684.7937775,624.4386005,553.997879,623.2503176,644.7468567,461.4167261,601.1518478,460.0725746,622.9493523,460.7446504,652.0622253,541.4428568,591.5351105,541.793046,645.5731201,608.0933046,586.0703659,613.1245708,641.6696167,622.2376871,589.3628693,623.8785982,651.8276215,631.5742636,577.1920776,636.3384247,2,4
654.8708344,512.7274275,583.7675095,508.4523726,669.9446869,569.291997,565.7831573,565.573554,684.5129395,625.1103973,553.7181473,623.3796215,644.7121429,461.4822578,601.1487961,460.1355743,622.9304695,460.8089161,652.0733643,541.8172073,591.0344315,541.8662167,645.5747223,608.178277,586.0054779,613.2084274,641.6462708,622.2981548,589.4025421,624.0877247,651.6194153,631.7851496,576.8168259,636.4264441,2,4
654.8667908,512.9094744,583.4527588,508.5224962,669.5655823,567.9467726,565.7039642,565.0638914,684.3657684,625.2191877,553.4818649,623.637929,644.7167969,461.5255594,601.1446381,460.2011919,622.9307175,460.8633757,652.1662903,542.119031,590.7665253,541.6882467,645.5976868,608.2231236,585.9667206,613.1803179,641.6555786,621.9865036,589.3980789,624.0624475,651.5553284,631.8727398,576.8162155,636.6299915,2,4
654.8069763,512.8159618,583.2553864,508.2690382,669.250946,567.1483755,565.6268311,564.8632622,684.2420959,624.8646641,553.3713531,623.7866306,644.6464539,461.5401077,601.145134,460.2274561,622.8957939,460.8837819,652.1562195,542.6890755,590.5436325,541.7594433,645.6001282,608.1783628,585.9557343,613.121953,641.6638947,620.4050732,589.387207,623.619132,651.4673615,632.1770096,576.8915558,636.7736292,2,4
654.8313904,513.2552004,583.2078934,508.1314087,669.1954803,569.0422297,565.5949783,565.11127,684.1203308,625.1065779,553.3485031,623.7725115,644.6456909,461.6550779,601.25,460.2586555,622.9478455,460.9568667,652.1258545,543.2498074,590.4668045,542.0995045,645.6118774,608.2109356,585.9407806,612.9707193,641.6605377,619.9684954,589.4254684,622.2222805,651.4943695,633.0342865,577.0211029,636.9141769,2,4
654.8519897,513.0139732,583.1821442,507.9524946,669.1841125,569.3319511,565.5687714,564.7894907,684.0663147,625.1990175,553.3312988,623.7752581,644.6530151,461.7420244,601.3345337,460.2840614,622.9937744,461.0130429,652.1021271,548.6633205,587.5098801,541.9892979,645.6123352,608.2329082,585.9383011,612.4040651,641.5763855,619.4045448,589.4224167,620.8559418,651.5000916,633.7795544,577.3329544,637.0264435,2,4
654.9116516,513.1620312,583.0817413,508.1341553,669.2069244,569.9662399,565.2707672,564.8834324,684.058075,625.6878233,553.1978226,623.9755869,644.6513367,461.9013262,601.3423538,460.3666735,622.9968452,461.1339998,651.8022156,551.6120768,587.7603912,541.9722176,645.6242371,608.2547522,585.9164429,612.3834658,641.5644836,619.5207596,589.4177246,621.1269522,651.452179,633.8176203,577.2965622,637.0861816,2,4
655.067749,513.4614944,582.9589844,508.6445475,669.2289734,570.7099628,565.3818512,566.2716579,684.0428162,625.8657074,553.1909943,624.2154408,644.6497345,462.0266819,601.3422775,460.4770947,622.996006,461.2518883,651.791153,552.1188211,587.0410919,541.9541073,645.6388092,608.2677555,585.9080887,611.8879223,641.4598083,619.4884443,589.4669724,620.42696,651.4520264,633.9928436,577.4420166,637.1497822,2,4
655.2774048,513.9371252,582.9138184,509.2138624,669.2448425,571.323781,565.4552078,567.077136,684.0635681,626.0129499,553.2608032,624.7431707,644.6327209,462.0420885,601.3420868,460.5107832,622.9874039,461.2764359,651.2760925,551.758976,586.789856,542.1302319,645.6404877,608.3071089,585.9528351,611.8300295,641.1843872,619.5172834,589.9147797,620.4133129,651.651535,634.5490265,577.7692413,637.1715832,2,4
655.5714417,514.1974926,582.9771042,510.6069803,669.2827606,571.5871096,565.4521942,568.8310432,683.970108,626.1250019,553.315239,624.6898699,644.4762421,461.8893528,601.0136032,460.1224422,622.7449226,461.0058975,651.3249207,545.8899593,585.7357788,540.9643078,645.8702087,608.3146191,585.6387329,610.7853413,640.9417725,618.0822802,589.837265,618.1535625,651.7568207,633.9643049,578.1365204,637.0603466,2,4
656.1318207,517.013855,582.9284668,514.5009899,669.312973,571.6516113,565.4414749,569.9562836,683.9719391,626.1187792,553.3174515,625.0502729,644.3453979,461.8954897,600.7460785,460.1025295,622.5457382,460.9990096,651.4133453,544.0997458,585.5038452,541.0526705,645.9056854,608.2521772,585.3185272,610.0104189,640.9364319,616.8682051,589.622612,616.4963436,652.1490479,633.9695835,577.9616165,637.1146774,2,4
656.57547,518.1409407,582.9162598,515.7904673,669.5559692,572.9066706,565.2181244,570.3198195,684.0226746,626.4436054,553.3566284,625.3020573,644.3429565,461.9554424,600.737381,460.112915,622.5401688,461.0341787,651.5210724,543.4525824,585.3430939,541.3134241,645.9056854,608.2235098,585.2441406,609.4493866,640.9077454,616.0241032,589.3654251,615.0421143,652.1649933,633.9815569,578.2775879,637.1231747,2,4
657.2759247,519.1666174,582.9521942,516.5531588,669.592514,572.4712086,565.1806641,571.5521765,684.0892029,626.6895962,553.4778595,625.3989172,644.3419647,461.9689178,600.7334137,460.1245022,622.5376892,461.04671,651.5556335,542.9339504,585.3833771,541.3523054,646.0295105,608.2272863,585.2482986,609.5551729,641.054306,616.3051128,589.4104004,615.4577494,653.1765747,634.4754696,578.3166504,637.150383,2,4
657.5440979,519.46136,582.9624557,516.7661905,669.6015167,572.2357321,565.1768112,571.7063713,684.118042,626.9234419,553.6402512,625.3626537,644.2025757,461.977458,600.6525421,460.1139021,622.4275589,461.04568,652.594986,545.9976339,585.357666,541.3088322,646.2334442,608.2356548,585.006485,609.2339945,641.1717224,616.4899921,589.2584229,614.8877478,653.601532,634.6914196,578.3295441,637.1637726,2,4
657.6322937,519.1954994,582.9705048,516.7800951,669.61586,572.0932102,565.1731491,571.4107704,684.1183472,627.1099091,553.6708832,625.3768158,644.0956116,461.9894314,600.5302048,460.0704288,622.3129082,461.0299301,653.7887573,547.0265293,585.4066849,541.1221504,646.4621735,608.2393885,584.495163,608.9674044,641.2921906,616.6038036,589.0203094,614.7342396,653.8661957,634.7154093,577.2017288,637.3081827,2,4
657.6781464,519.0344381,582.9372025,516.6989851,669.6245575,572.0122719,565.1699066,571.4619684,684.1236877,627.4299288,553.6857986,625.5098963,644.0106964,462.1231556,600.417099,460.1246738,622.2138977,461.1239147,653.4327698,550.1030445,584.4561005,541.1453247,646.5296936,608.2216215,584.4194412,608.9334583,641.3977814,616.699934,588.9548874,614.6363068,653.9179993,634.6495771,576.974678,638.0566263,2,4
657.7919006,519.0752506,582.9375076,516.734004,669.7059631,572.0654869,565.4666138,571.8409538,684.1246033,627.8931141,553.6872482,625.7627535,643.9710999,462.2530174,600.3239059,460.163126,622.1475029,461.2080717,652.8012848,551.2948465,584.516983,542.0715237,646.5341949,607.9569626,584.485054,608.9101124,641.3861084,616.1391163,588.9807129,614.651413,654.1448975,634.5520735,576.9942093,638.2107353,2,4
657.8040314,518.969593,582.8408051,516.9027901,670.2561951,573.5337496,565.7061768,572.0172071,684.1143799,628.1297064,553.6844635,625.7104397,643.9610291,462.2562361,600.1694489,460.1875448,622.065239,461.2218904,653.1941223,551.3432121,584.5773315,542.6029015,646.5328217,607.8405333,584.487915,607.849803,641.3848114,615.7682419,588.9748001,612.0033646,654.1779327,634.5114756,577.1959686,637.5699663,2,4
657.8233337,519.0064573,582.77565,517.1769333,670.5654907,574.0046597,565.7743073,572.8957701,684.1108704,628.3645821,553.7022781,625.7780313,643.9595795,462.2918558,600.1691437,460.2498579,622.0643616,461.2708569,652.9646301,546.6384459,584.8897171,543.3122063,646.5391541,607.8006649,584.4309616,607.0565987,641.4454651,615.438652,588.9136887,611.055665,654.204483,634.487443,577.1940231,637.1724415,2,4
657.8423309,519.017272,582.7727509,517.1783495,670.7429504,574.3404722,565.7422638,573.1145096,684.0802002,628.3893013,553.731308,625.8677244,643.9595795,462.5057459,600.1842117,460.4287291,622.0718956,461.4672375,652.9438019,551.5999317,583.996048,543.259635,646.5415192,607.7609253,584.4356537,605.640521,641.4756775,615.3091335,588.899765,610.5276346,654.2224884,634.2982721,577.6269531,636.3789797,2,4
657.7547455,516.1298847,582.6073456,517.070632,671.264801,574.2183781,565.6072235,573.1705141,683.9979553,627.6694822,553.7178802,625.6203604,644.0592194,462.4511147,600.2137375,460.4323339,622.1364784,461.4417243,652.2149658,552.2108746,581.6662598,540.9246111,646.657486,607.7931976,584.4385529,605.2443695,641.5181732,615.4837132,588.9038849,610.1587343,654.2352295,633.9973927,578.1534958,636.3518572,2,4
657.7937317,516.3281107,582.5806808,516.5235472,671.5940857,574.1655922,565.5130005,571.3960505,683.915863,626.635437,553.7017822,624.9448729,644.2888641,462.3003101,600.4885864,460.4304457,622.3887253,461.3653779,651.4212036,552.0694685,581.4206696,539.5296049,646.9652557,607.921257,584.5161057,605.3292131,641.7149353,616.2946844,589.4216919,610.3283787,654.3293762,633.6892176,578.9305496,636.3336611,2,4
657.6498413,512.8915358,582.4506378,515.2290058,671.5821838,570.6152487,565.5141449,569.45014,683.6564636,623.2187319,553.702507,624.1124868,644.4351959,462.2384691,600.4802704,460.4721165,622.4577332,461.3552928,650.8522797,551.5628099,579.7848511,539.1551685,647.0683289,608.076396,584.8206329,605.4716921,641.772995,617.54498,590.1270294,610.5939388,654.4180298,632.6139736,579.7302246,636.2131548,2,4
657.5867462,510.391674,582.2725677,511.5746355,671.3136292,566.7475033,565.5125809,567.1560144,683.1187439,619.8555851,553.8753128,621.703434,644.4721222,462.025094,600.165596,460.4751635,622.3188591,461.2501287,650.8654022,549.8335361,579.1771698,538.867507,647.1879578,608.1648445,584.9220657,605.5684662,641.829071,619.2094517,590.6275177,610.7516956,654.5368958,632.0319986,580.4141235,636.0294771,2,4
657.5849915,501.8991995,581.807251,504.5870304,669.6021271,556.1732054,565.8838654,561.2330961,679.3536377,611.5233564,555.0419235,615.5119085,645.054245,460.9392929,600.1766968,459.577589,622.6154709,460.258441,650.2992249,539.2611694,587.2780228,537.9267597,647.4761963,608.1996918,584.9706268,605.637989,641.7857361,619.5053101,590.6651688,611.5089798,654.383316,628.1284618,580.4337692,634.6589327,2,4
657.2413635,494.8520708,581.5491867,499.5608711,668.8627625,548.0344391,566.0733032,554.473629,676.7206573,604.1326475,557.7774048,607.9011297,645.173111,458.3025742,600.2135086,457.7537727,622.6933098,458.0281734,650.4712677,534.5755005,589.7175217,535.1662731,647.9756165,608.2266855,585.3839111,606.0561991,642.2052765,620.3386831,590.7346725,613.6397266,654.3818665,626.9255447,580.1864624,634.4346142,2,4
656.643219,490.2418041,581.2303925,496.3549662,668.1058502,542.2387648,566.5284348,548.2315063,674.0192413,596.2143373,560.8209229,601.2089968,645.1683044,454.62327,600.2186203,455.5831146,622.6934624,455.1031923,651.2159729,532.1685076,590.1015091,533.6789131,648.6231232,608.1700373,585.9986115,607.996273,643.073349,622.1613836,590.7669067,616.8046904,654.522171,624.6806002,580.5640793,634.3660355,2,4
656.5733337,482.9937458,580.4464722,491.7577887,667.9291534,536.1171055,567.919693,543.0533409,672.3856354,588.7524319,563.3932495,596.0163689,645.0591278,453.6525679,600.1194,455.0168467,622.5892639,454.3347073,651.0630798,530.6771994,590.4393387,530.953145,648.5695648,607.6202488,586.6984177,610.3118134,643.0528259,622.0334959,590.8217239,619.6800613,654.5749664,625.451231,580.5161285,634.2748404,2,4
657.173996,474.4910145,580.0823212,477.3649693,666.0365295,522.1633101,569.4124603,525.9713173,667.596283,573.0852842,565.9885788,578.2212639,644.6950531,454.1777229,600.1312256,454.8130846,622.4131393,454.4954038,648.8223267,532.3974609,590.3141022,532.049675,648.5001373,607.1919966,586.9675446,611.2680531,643.0114746,620.9079123,590.552597,621.1256647,655.1444244,628.4931135,580.497551,634.6817636,2,4
657.2193146,466.0090113,579.7478485,468.1021214,664.4218445,513.7712574,571.4835739,517.2224665,665.4512024,563.8470268,567.9437256,570.286603,642.0475006,454.3566799,600.0119019,455.1065397,621.0297012,454.7316098,647.749939,534.0666103,589.9570465,532.1625423,648.4495544,607.2094631,586.9377899,611.1710644,642.9573059,620.8174896,590.0298309,621.0227108,656.2519836,629.613719,580.2326202,634.7054958,2,4
657.5679016,457.9628992,578.8134766,461.3638115,663.9014435,506.4316607,572.4682617,512.0022011,664.5256042,557.0652008,570.166626,565.8395863,641.6501617,463.7798595,599.0050507,461.7562723,620.3276062,462.7680659,646.5786743,533.6590004,589.6615601,532.2478151,648.4010315,606.8930483,586.8837357,610.5859995,642.9476929,620.7527304,589.9049759,620.4392767,656.9087982,630.2652597,580.093689,634.5874786,2,4
658.0667114,453.0780172,578.7604523,453.8090801,663.1645966,499.646101,573.0998611,505.6885386,663.4399414,551.9814491,571.5459442,556.7974949,641.3719177,470.0218534,599.196167,469.2400646,620.2840424,469.630959,646.5351868,534.3838406,589.5035553,534.1386223,648.3795929,606.8872547,586.651535,610.185256,643.1495667,621.1783648,589.7748566,620.0882721,658.2499695,631.0911655,579.9315262,634.7906399,2,4
658.0612946,437.8995466,578.7119675,443.4697437,662.3988342,486.6760111,574.9158478,497.8945112,662.5832367,541.5986395,574.2354202,544.3362522,641.4562988,472.7670622,600.8136749,472.7906656,621.1349869,472.7788639,646.5773773,538.1891012,589.6636963,539.885416,648.6458588,607.1036339,585.2480316,609.5598078,643.4837341,621.1339903,588.9302826,620.0377178,659.679718,632.0827675,579.1181564,634.5805693,2,4
658.2604218,433.721652,577.911911,437.9504871,662.5191498,481.4198685,575.4072189,487.5095558,662.9631042,535.0478697,574.7649002,538.2229614,641.053772,473.6352396,600.7843781,473.3691645,620.919075,473.502202,646.4981842,539.6303701,589.5769119,541.7948484,648.8972473,608.9831543,584.7225952,609.5288658,644.1696167,622.2302198,588.9319992,620.8358145,659.5149231,633.2433271,577.7354813,634.4971848,2,4
658.3589935,424.1176271,577.7507782,432.369132,662.7675629,475.1946115,576.0213089,482.8495073,663.0714417,530.1031637,575.4053879,533.133502,640.4808044,473.5746002,600.1612473,473.3621693,620.3210258,473.4683847,646.6613007,540.9409189,589.561882,542.3568249,648.971405,609.6196318,584.5560455,609.5204544,644.6717834,622.1102715,588.9518356,620.4588461,659.3482208,633.7733316,576.4177704,635.2050734,2,4
658.8994598,419.200387,577.9209137,422.6674747,662.8091431,471.979351,575.946579,475.1374912,662.9259491,524.322381,575.9181595,527.7536774,640.4501343,472.4025393,600.1578522,472.3858452,620.3039932,472.3941922,646.775589,540.7568979,589.5058441,543.0000401,649.0342712,610.4839897,584.4187164,610.1104546,644.8784637,623.2792854,588.9653397,620.9788084,658.5157013,633.6934233,576.2316132,635.9462214,2,4
